2022:02:화:09:24:38 AM,RightHand,(-3.3, 1.1, -6.6),(-3.3, 1.1, -6.6),(-3.3, 1.1, -6.6),(-3.3, 1.1, -6.6),(-3.3, 1.1, -6.6),(-3.3, 1.1, -6.6),(-3.3, 1.1, -6.6),(-3.3, 1.1, -6.6),(-3.3, 1.1, -6.6),(-3.3, 1.1, -6.6),(-3.3, 1.1, -6.6),(-3.3, 1.1, -6.6),(-3.3, 1.2, -6.6),(-3.3, 1.2, -6.6),(-3.3, 1.2, -6.6),(-3.4, 1.2, -6.6),(-3.4, 1.3, -6.6),(-3.4, 1.3, -6.6),(-3.4, 1.3, -6.6),(-3.4, 1.3, -6.5),(-3.5, 1.4, -6.5),(-3.5, 1.4, -6.5),(-3.5, 1.4, -6.5),(-3.5, 1.4, -6.4),(-3.5, 1.4, -6.4),(-3.6, 1.5, -6.4),
2022:02:화:10:01:29 AM,RightHand,(-3.7, 1.1, -6.5),(-3.7, 1.1, -6.5),(-3.7, 1.1, -6.5),(-3.7, 1.1, -6.5),(-3.7, 1.1, -6.5),(-3.7, 1.1, -6.5),(-3.7, 1.1, -6.5),(-3.7, 1.1, -6.5),(-3.7, 1.1, -6.5),(-3.7, 1.1, -6.5),(-3.7, 1.1, -6.5),(-3.7, 1.1, -6.5),(-3.7, 1.1, -6.5),(-3.7, 1.1, -6.5),(-3.7, 1.1, -6.5),(-3.7, 1.1, -6.5),(-3.7, 1.1, -6.5),(-3.7, 1.1, -6.5),(-3.7, 1.1, -6.5),(-3.7, 1.1, -6.5),(-3.7, 1.1, -6.5),(-3.7, 1.1, -6.5),(-3.7, 1.1, -6.5),(-3.7, 1.1, -6.5),(-3.7, 1.1, -6.5),(-3.7, 1.1, -6.5),(-3.7, 1.1, -6.5),(-3.7, 1.1, -6.5),(-3.7, 1.1, -6.5),(-3.7, 1.1, -6.5),(-3.7, 1.1, -6.5),(-3.7, 1.1, -6.5),(-3.7, 1.1, -6.5),(-3.7, 1.1, -6.5),(-3.7, 1.1, -6.4),(-3.7, 1.1, -6.4),(-3.7, 1.1, -6.4),(-3.7, 1.1, -6.4),(-3.7, 1.1, -6.4),(-3.7, 1.1, -6.4),(-3.7, 1.1, -6.4),(-3.7, 1.1, -6.4),(-3.7, 1.1, -6.4),(-3.7, 1.1, -6.4),(-3.7, 1.1, -6.4),(-3.7, 1.1, -6.4),(-3.7, 1.1, -6.4),(-3.7, 1.1, -6.4),(-3.7, 1.2, -6.4),(-3.7, 1.2, -6.4),(-3.6, 1.2, -6.4),(-3.6, 1.2, -6.4),(-3.6, 1.2, -6.4),(-3.6, 1.2, -6.4),(-3.6, 1.2, -6.4),(-3.6, 1.2, -6.4),(-3.6, 1.2, -6.4),(-3.6, 1.2, -6.4),(-3.5, 1.2, -6.4),(-3.5, 1.2, -6.4),(-3.5, 1.2, -6.4),(-3.5, 1.2, -6.4),(-3.5, 1.2, -6.4),(-3.5, 1.2, -6.4),(-3.4, 1.2, -6.4),(-3.4, 1.2, -6.4),(-3.4, 1.2, -6.4),(-3.4, 1.2, -6.4),(-3.4, 1.2, -6.4),(-3.4, 1.2, -6.4),(-3.4, 1.2, -6.4),(-3.4, 1.2, -6.4),(-3.4, 1.2, -6.4),(-3.4, 1.2, -6.5),(-3.4, 1.2, -6.5),(-3.4, 1.2, -6.5),(-3.3, 1.2, -6.5),(-3.3, 1.2, -6.5),(-3.3, 1.2, -6.5),(-3.3, 1.1, -6.5),(-3.3, 1.1, -6.5),(-3.3, 1.1, -6.5),(-3.3, 1.1, -6.5),(-3.3, 1.1, -6.5),(-3.3, 1.1, -6.5),(-3.3, 1.1, -6.5),(-3.3, 1.1, -6.5),(-3.3, 1.1, -6.5),(-3.3, 1.1, -6.5),(-3.3, 1.1, -6.5),(-3.3, 1.1, -6.5),(-3.3, 1.1, -6.5),(-3.3, 1.1, -6.5),(-3.3, 1.1, -6.5),(-3.3, 1.1, -6.5),(-3.3, 1.1, -6.5),(-3.3, 1.1, -6.5),(-3.3, 1.1, -6.5),(-3.3, 1.1, -6.5),(-3.3, 1.1, -6.5),(-3.3, 1.1, -6.5),(-3.3, 1.1, -6.5),(-3.3, 1.1, -6.5),(-3.3, 1.1, -6.5),(-3.3, 1.1, -6.6),(-3.3, 1.1, -6.6),(-3.3, 1.1, -6.6),(-3.3, 1.1, -6.6),(-3.3, 1.1, -6.6),(-3.3, 1.1, -6.6),(-3.3, 1.1, -6.6),(-3.3, 1.1, -6.6),(-3.3, 1.1, -6.6),(-3.3, 1.1, -6.6),(-3.3, 1.1, -6.6),(-3.3, 1.1, -6.6),(-3.3, 1.1, -6.6),(-3.3, 1.1, -6.6),(-3.3, 1.1, -6.6),(-3.3, 1.1, -6.6),(-3.3, 1.1, -6.6),(-3.3, 1.1, -6.6),(-3.3, 1.1, -6.6),(-3.3, 1.1, -6.6),(-3.3, 1.1, -6.6),(-3.3, 1.1, -6.6),(-3.3, 1.1, -6.6),(-3.3, 1.1, -6.6),(-3.3, 1.1, -6.6),(-3.3, 1.1, -6.6),(-3.3, 1.1, -6.6),
2022:02:화:10:01:33 AM,RightHand,(-3.7, 1.1, -6.5),(-3.7, 1.1, -6.5),(-3.7, 1.1, -6.5),(-3.7, 1.1, -6.5),(-3.7, 1.1, -6.5),(-3.7, 1.1, -6.5),(-3.6, 1.1, -6.5),(-3.6, 1.1, -6.5),(-3.6, 1.1, -6.5),(-3.6, 1.1, -6.5),(-3.6, 1.1, -6.5),(-3.6, 1.1, -6.5),(-3.6, 1.1, -6.5),(-3.6, 1.1, -6.5),(-3.6, 1.1, -6.5),(-3.6, 1.1, -6.5),(-3.6, 1.1, -6.5),(-3.6, 1.1, -6.5),(-3.6, 1.1, -6.5),(-3.6, 1.1, -6.5),(-3.6, 1.1, -6.5),(-3.5, 1.1, -6.5),(-3.5, 1.1, -6.5),(-3.5, 1.1, -6.5),(-3.5, 1.1, -6.4),(-3.5, 1.1, -6.4),(-3.5, 1.2, -6.4),(-3.5, 1.2, -6.4),(-3.5, 1.2, -6.4),(-3.5, 1.2, -6.4),(-3.5, 1.2, -6.4),(-3.5, 1.2, -6.4),(-3.5, 1.2, -6.4),(-3.5, 1.2, -6.4),(-3.4, 1.2, -6.4),(-3.4, 1.2, -6.4),(-3.4, 1.2, -6.4),(-3.4, 1.3, -6.4),(-3.4, 1.3, -6.4),(-3.4, 1.3, -6.4),(-3.4, 1.3, -6.4),(-3.4, 1.3, -6.4),(-3.4, 1.3, -6.4),(-3.4, 1.3, -6.4),(-3.4, 1.3, -6.4),(-3.4, 1.3, -6.4),(-3.4, 1.3, -6.4),(-3.4, 1.3, -6.4),(-3.3, 1.3, -6.4),(-3.3, 1.3, -6.4),(-3.3, 1.3, -6.4),(-3.3, 1.3, -6.4),(-3.3, 1.3, -6.4),(-3.3, 1.3, -6.4),(-3.3, 1.3, -6.4),(-3.3, 1.3, -6.4),(-3.3, 1.3, -6.4),(-3.3, 1.3, -6.4),
2022:02:화:10:01:35 AM,RightHand,(-3.3, 1.1, -6.6),(-3.3, 1.1, -6.6),(-3.3, 1.1, -6.6),(-3.3, 1.1, -6.6),(-3.3, 1.1, -6.6),(-3.3, 1.1, -6.6),(-3.3, 1.1, -6.6),(-3.3, 1.1, -6.6),(-3.3, 1.1, -6.6),(-3.3, 1.1, -6.6),(-3.3, 1.1, -6.6),(-3.3, 1.1, -6.6),(-3.3, 1.1, -6.6),(-3.3, 1.1, -6.6),(-3.3, 1.1, -6.5),(-3.2, 1.1, -6.5),(-3.2, 1.1, -6.5),(-3.2, 1.1, -6.5),(-3.2, 1.1, -6.5),(-3.3, 1.1, -6.5),(-3.3, 1.1, -6.5),(-3.3, 1.1, -6.5),(-3.3, 1.1, -6.5),(-3.3, 1.1, -6.5),(-3.3, 1.1, -6.5),(-3.3, 1.1, -6.5),(-3.3, 1.1, -6.5),(-3.3, 1.1, -6.5),(-3.3, 1.1, -6.5),(-3.3, 1.1, -6.6),(-3.3, 1.1, -6.6),(-3.3, 1.1, -6.6),(-3.3, 1.1, -6.6),(-3.3, 1.1, -6.6),(-3.3, 1.1, -6.6),(-3.3, 1.1, -6.6),(-3.4, 1.1, -6.6),(-3.4, 1.1, -6.6),(-3.4, 1.1, -6.6),(-3.4, 1.1, -6.6),
2022:02:화:11:14:26 AM,RightHand,(-3.3, 1.1, -6.6),(-3.3, 1.1, -6.6),(-3.3, 1.1, -6.6),(-3.3, 1.1, -6.6),(-3.3, 1.1, -6.6),(-3.3, 1.1, -6.6),(-3.3, 1.1, -6.6),(-3.3, 1.1, -6.5),(-3.3, 1.1, -6.5),(-3.3, 1.1, -6.5),(-3.3, 1.1, -6.5),(-3.3, 1.1, -6.5),(-3.3, 1.1, -6.5),(-3.3, 1.1, -6.5),(-3.3, 1.1, -6.5),(-3.3, 1.1, -6.5),(-3.3, 1.1, -6.5),(-3.3, 1.1, -6.5),(-3.3, 1.1, -6.5),(-3.3, 1.1, -6.5),(-3.3, 1.1, -6.5),(-3.3, 1.1, -6.5),(-3.2, 1.1, -6.5),(-3.2, 1.1, -6.5),(-3.2, 1.1, -6.5),(-3.2, 1.1, -6.5),(-3.2, 1.1, -6.5),(-3.2, 1.1, -6.5),(-3.2, 1.1, -6.5),(-3.3, 1.1, -6.5),(-3.3, 1.1, -6.5),(-3.3, 1.1, -6.5),(-3.3, 1.1, -6.5),(-3.3, 1.1, -6.5),(-3.3, 1.1, -6.5),(-3.3, 1.1, -6.5),(-3.3, 1.1, -6.5),(-3.3, 1.1, -6.5),(-3.3, 1.1, -6.5),(-3.3, 1.1, -6.5),(-3.3, 1.1, -6.5),(-3.3, 1.1, -6.5),(-3.3, 1.1, -6.5),(-3.3, 1.1, -6.5),(-3.3, 1.1, -6.5),(-3.3, 1.1, -6.5),(-3.3, 1.1, -6.5),(-3.3, 1.1, -6.5),(-3.3, 1.1, -6.5),(-3.3, 1.1, -6.5),(-3.3, 1.1, -6.5),(-3.3, 1.1, -6.5),(-3.3, 1.1, -6.5),(-3.3, 1.1, -6.5),(-3.3, 1.1, -6.5),(-3.3, 1.1, -6.5),(-3.3, 1.1, -6.5),(-3.3, 1.1, -6.5),(-3.3, 1.1, -6.5),(-3.3, 1.1, -6.5),(-3.3, 1.1, -6.5),(-3.3, 1.1, -6.5),(-3.3, 1.1, -6.5),(-3.3, 1.1, -6.5),(-3.3, 1.1, -6.5),(-3.3, 1.1, -6.5),(-3.3, 1.1, -6.5),(-3.3, 1.1, -6.5),(-3.3, 1.1, -6.5),(-3.3, 1.1, -6.5),(-3.3, 1.1, -6.5),(-3.3, 1.1, -6.5),(-3.3, 1.1, -6.5),(-3.3, 1.1, -6.5),(-3.3, 1.1, -6.5),(-3.3, 1.1, -6.5),(-3.3, 1.1, -6.5),(-3.3, 1.1, -6.5),(-3.3, 1.1, -6.5),(-3.3, 1.1, -6.5),(-3.3, 1.1, -6.5),(-3.3, 1.1, -6.5),(-3.3, 1.1, -6.5),(-3.3, 1.1, -6.5),(-3.3, 1.1, -6.5),(-3.3, 1.1, -6.5),(-3.3, 1.1, -6.5),(-3.3, 1.1, -6.5),(-3.3, 1.1, -6.5),(-3.3, 1.1, -6.5),(-3.3, 1.1, -6.5),(-3.3, 1.1, -6.5),(-3.3, 1.1, -6.5),(-3.3, 1.2, -6.5),(-3.3, 1.2, -6.5),(-3.3, 1.2, -6.5),(-3.3, 1.2, -6.5),(-3.3, 1.2, -6.5),(-3.3, 1.2, -6.5),(-3.3, 1.2, -6.5),(-3.3, 1.2, -6.4),(-3.3, 1.2, -6.4),(-3.3, 1.2, -6.4),(-3.3, 1.2, -6.4),(-3.3, 1.2, -6.4),(-3.3, 1.2, -6.4),(-3.3, 1.2, -6.4),(-3.3, 1.2, -6.4),(-3.3, 1.2, -6.4),(-3.3, 1.2, -6.4),(-3.3, 1.2, -6.4),(-3.3, 1.2, -6.4),(-3.3, 1.2, -6.4),(-3.3, 1.2, -6.4),(-3.3, 1.2, -6.4),(-3.3, 1.2, -6.4),(-3.3, 1.2, -6.4),(-3.3, 1.2, -6.4),(-3.3, 1.2, -6.4),(-3.3, 1.2, -6.4),(-3.3, 1.2, -6.4),(-3.3, 1.3, -6.4),(-3.3, 1.3, -6.4),(-3.3, 1.3, -6.4),(-3.3, 1.3, -6.4),(-3.3, 1.3, -6.4),(-3.3, 1.3, -6.4),(-3.3, 1.3, -6.4),(-3.3, 1.3, -6.4),(-3.3, 1.3, -6.4),(-3.3, 1.3, -6.4),(-3.3, 1.3, -6.4),(-3.3, 1.3, -6.4),(-3.3, 1.3, -6.4),(-3.3, 1.3, -6.4),(-3.3, 1.3, -6.4),(-3.3, 1.3, -6.4),(-3.3, 1.3, -6.4),(-3.3, 1.3, -6.4),(-3.3, 1.3, -6.4),(-3.3, 1.3, -6.4),(-3.3, 1.3, -6.4),(-3.3, 1.3, -6.4),(-3.3, 1.3, -6.4),(-3.3, 1.3, -6.4),(-3.3, 1.3, -6.4),(-3.3, 1.3, -6.4),(-3.3, 1.3, -6.4),(-3.3, 1.3, -6.4),(-3.3, 1.3, -6.4),(-3.3, 1.3, -6.4),(-3.3, 1.3, -6.4),(-3.3, 1.3, -6.4),(-3.3, 1.3, -6.4),(-3.3, 1.3, -6.4),(-3.3, 1.3, -6.4),(-3.3, 1.3, -6.4),(-3.3, 1.3, -6.4),(-3.3, 1.3, -6.4),(-3.3, 1.3, -6.4),(-3.3, 1.3, -6.4),(-3.3, 1.3, -6.4),(-3.3, 1.3, -6.4),(-3.3, 1.3, -6.4),(-3.3, 1.2, -6.4),(-3.3, 1.2, -6.4),(-3.3, 1.2, -6.5),(-3.3, 1.2, -6.5),(-3.3, 1.2, -6.5),(-3.3, 1.2, -6.5),(-3.3, 1.2, -6.5),(-3.3, 1.2, -6.5),(-3.3, 1.2, -6.5),(-3.3, 1.2, -6.5),(-3.3, 1.2, -6.5),(-3.3, 1.2, -6.5),(-3.3, 1.2, -6.5),(-3.3, 1.2, -6.5),(-3.3, 1.2, -6.5),(-3.3, 1.2, -6.5),(-3.3, 1.2, -6.5),(-3.3, 1.2, -6.5),(-3.3, 1.2, -6.5),(-3.3, 1.2, -6.5),(-3.3, 1.2, -6.5),(-3.3, 1.2, -6.5),(-3.3, 1.2, -6.5),(-3.3, 1.2, -6.5),(-3.3, 1.2, -6.5),(-3.3, 1.2, -6.5),(-3.3, 1.2, -6.5),(-3.3, 1.2, -6.5),(-3.3, 1.2, -6.5),(-3.3, 1.2, -6.5),(-3.3, 1.2, -6.5),(-3.3, 1.2, -6.5),(-3.3, 1.2, -6.5),(-3.3, 1.2, -6.5),(-3.3, 1.2, -6.5),(-3.3, 1.2, -6.5),(-3.3, 1.2, -6.5),(-3.3, 1.2, -6.5),(-3.3, 1.3, -6.5),(-3.3, 1.3, -6.5),(-3.3, 1.3, -6.5),(-3.3, 1.3, -6.5),(-3.3, 1.3, -6.5),(-3.3, 1.3, -6.5),(-3.4, 1.3, -6.5),(-3.4, 1.3, -6.5),(-3.4, 1.3, -6.5),(-3.4, 1.3, -6.5),(-3.4, 1.3, -6.5),(-3.4, 1.3, -6.5),(-3.4, 1.3, -6.5),(-3.4, 1.3, -6.5),(-3.4, 1.3, -6.5),(-3.4, 1.3, -6.5),(-3.4, 1.3, -6.5),(-3.4, 1.3, -6.5),(-3.4, 1.3, -6.5),(-3.4, 1.3, -6.5),(-3.4, 1.3, -6.5),(-3.4, 1.3, -6.5),(-3.4, 1.3, -6.5),(-3.4, 1.3, -6.5),(-3.4, 1.3, -6.5),(-3.4, 1.3, -6.5),(-3.4, 1.3, -6.5),(-3.4, 1.3, -6.5),(-3.4, 1.3, -6.5),(-3.4, 1.3, -6.5),(-3.4, 1.3, -6.5),(-3.4, 1.3, -6.5),(-3.3, 1.3, -6.5),(-3.3, 1.3, -6.5),(-3.3, 1.3, -6.5),(-3.3, 1.3, -6.5),(-3.3, 1.3, -6.5),(-3.3, 1.3, -6.5),(-3.3, 1.3, -6.5),(-3.3, 1.3, -6.5),(-3.3, 1.3, -6.5),(-3.3, 1.3, -6.5),(-3.2, 1.3, -6.4),(-3.2, 1.3, -6.4),(-3.2, 1.3, -6.4),(-3.2, 1.3, -6.4),
2022:02:화:11:14:37 AM,RightHand,(-3.8, 1.0, -6.7),(-3.8, 1.0, -6.7),(-3.8, 1.0, -6.7),(-3.8, 1.0, -6.7),(-3.8, 1.0, -6.7),(-3.8, 1.0, -6.7),(-3.8, 1.0, -6.7),(-3.8, 1.0, -6.7),(-3.8, 1.0, -6.7),(-3.8, 1.0, -6.7),(-3.8, 1.0, -6.7),(-3.8, 1.0, -6.7),(-3.8, 1.0, -6.7),(-3.8, 1.0, -6.7),(-3.8, 1.0, -6.7),(-3.8, 1.0, -6.7),(-3.8, 1.0, -6.7),(-3.8, 1.0, -6.7),(-3.8, 1.0, -6.7),(-3.8, 1.0, -6.7),(-3.8, 1.0, -6.7),(-3.8, 1.0, -6.7),(-3.8, 1.0, -6.7),(-3.8, 1.0, -6.7),(-3.8, 1.0, -6.7),(-3.7, 1.0, -6.7),(-3.7, 1.0, -6.7),(-3.7, 1.0, -6.7),(-3.7, 1.1, -6.7),(-3.7, 1.1, -6.7),(-3.7, 1.1, -6.7),(-3.7, 1.1, -6.7),(-3.7, 1.1, -6.7),(-3.7, 1.1, -6.7),(-3.7, 1.1, -6.7),(-3.7, 1.1, -6.7),(-3.7, 1.1, -6.7),(-3.7, 1.1, -6.7),(-3.7, 1.1, -6.7),(-3.7, 1.1, -6.7),(-3.7, 1.1, -6.7),(-3.7, 1.1, -6.7),(-3.7, 1.1, -6.7),(-3.7, 1.1, -6.7),(-3.7, 1.1, -6.7),(-3.7, 1.1, -6.7),(-3.7, 1.1, -6.7),(-3.7, 1.1, -6.7),(-3.7, 1.1, -6.7),(-3.7, 1.1, -6.7),(-3.7, 1.1, -6.7),(-3.7, 1.1, -6.7),(-3.7, 1.1, -6.7),(-3.7, 1.1, -6.7),(-3.7, 1.2, -6.7),(-3.6, 1.2, -6.7),(-3.6, 1.2, -6.7),(-3.6, 1.2, -6.7),(-3.6, 1.2, -6.7),(-3.6, 1.2, -6.7),(-3.6, 1.2, -6.7),(-3.6, 1.2, -6.7),(-3.6, 1.2, -6.7),(-3.6, 1.2, -6.7),(-3.6, 1.2, -6.7),(-3.6, 1.2, -6.7),(-3.6, 1.2, -6.7),(-3.5, 1.2, -6.7),(-3.5, 1.2, -6.7),(-3.5, 1.2, -6.7),(-3.5, 1.2, -6.7),(-3.5, 1.2, -6.7),(-3.5, 1.2, -6.7),(-3.5, 1.2, -6.7),(-3.4, 1.2, -6.7),(-3.4, 1.2, -6.7),(-3.4, 1.2, -6.7),(-3.4, 1.3, -6.7),(-3.4, 1.3, -6.7),(-3.3, 1.3, -6.7),(-3.3, 1.3, -6.7),(-3.3, 1.3, -6.6),(-3.3, 1.3, -6.6),(-3.2, 1.3, -6.6),(-3.2, 1.3, -6.6),
2022:02:화:11:15:05 AM,RightHand,(2.2, 1.0, -11.7),(2.2, 1.0, -11.7),(2.2, 1.0, -11.7),(2.2, 0.9, -11.7),(2.2, 0.9, -11.8),(2.2, 0.9, -11.8),(2.2, 0.9, -11.8),(2.2, 0.9, -11.8),(2.2, 0.9, -11.8),(2.2, 0.9, -11.7),(2.2, 0.9, -11.7),(2.2, 0.9, -11.7),(2.2, 0.9, -11.7),(2.2, 0.9, -11.7),(2.2, 0.9, -11.7),(2.2, 0.9, -11.7),(2.2, 0.9, -11.7),(2.2, 0.9, -11.7),(2.2, 0.9, -11.7),(2.2, 1.0, -11.7),(2.2, 1.0, -11.7),(2.2, 1.0, -11.7),(2.2, 1.0, -11.8),(2.2, 1.0, -11.8),(2.2, 1.0, -11.8),(2.2, 1.0, -11.8),(2.1, 1.0, -11.8),(2.1, 1.0, -11.8),(2.1, 1.0, -11.8),(2.1, 1.1, -11.8),(2.1, 1.1, -11.8),(2.1, 1.1, -11.8),(2.1, 1.1, -11.8),(2.0, 1.1, -11.8),(2.0, 1.1, -11.8),
2022:02:화:12:20:54 PM,RightHand,(-3.3, 1.1, -6.6),(-3.3, 1.1, -6.6),(-3.3, 1.1, -6.6),(-3.3, 1.1, -6.6),(-3.3, 1.1, -6.6),(-3.3, 1.1, -6.6),(-3.3, 1.1, -6.6),(-3.3, 1.1, -6.6),(-3.3, 1.1, -6.6),(-3.3, 1.1, -6.6),(-3.3, 1.1, -6.6),(-3.3, 1.1, -6.6),(-3.3, 1.1, -6.6),(-3.3, 1.1, -6.5),(-3.3, 1.1, -6.5),(-3.3, 1.1, -6.5),(-3.3, 1.1, -6.5),(-3.3, 1.1, -6.5),(-3.3, 1.1, -6.5),(-3.3, 1.1, -6.5),(-3.3, 1.1, -6.5),(-3.3, 1.1, -6.5),(-3.3, 1.1, -6.5),(-3.3, 1.1, -6.5),(-3.3, 1.1, -6.5),(-3.3, 1.1, -6.5),(-3.3, 1.1, -6.5),(-3.3, 1.1, -6.5),(-3.3, 1.1, -6.5),(-3.3, 1.1, -6.5),(-3.3, 1.1, -6.5),(-3.3, 1.1, -6.5),(-3.3, 1.1, -6.5),(-3.3, 1.1, -6.5),(-3.3, 1.1, -6.5),(-3.3, 1.1, -6.5),(-3.3, 1.1, -6.5),(-3.3, 1.1, -6.5),(-3.3, 1.1, -6.5),(-3.3, 1.1, -6.5),(-3.3, 1.1, -6.5),(-3.3, 1.1, -6.5),(-3.3, 1.1, -6.5),(-3.3, 1.1, -6.5),(-3.3, 1.1, -6.5),(-3.3, 1.1, -6.5),(-3.3, 1.1, -6.5),(-3.3, 1.1, -6.5),(-3.3, 1.1, -6.5),(-3.3, 1.1, -6.5),(-3.3, 1.1, -6.5),(-3.3, 1.1, -6.5),(-3.3, 1.1, -6.5),(-3.3, 1.1, -6.5),(-3.3, 1.1, -6.5),(-3.3, 1.1, -6.5),(-3.3, 1.1, -6.5),
2022:02:화:12:20:55 PM,RightHand,(-3.3, 1.1, -6.6),(-3.3, 1.1, -6.6),(-3.3, 1.1, -6.6),(-3.3, 1.1, -6.6),(-3.3, 1.1, -6.6),(-3.3, 1.1, -6.6),(-3.3, 1.1, -6.6),(-3.3, 1.1, -6.6),(-3.3, 1.1, -6.6),(-3.3, 1.1, -6.6),(-3.3, 1.1, -6.6),(-3.3, 1.1, -6.6),(-3.3, 1.1, -6.6),(-3.3, 1.1, -6.6),(-3.3, 1.1, -6.6),(-3.3, 1.1, -6.6),(-3.3, 1.1, -6.6),(-3.3, 1.1, -6.6),(-3.3, 1.1, -6.6),(-3.3, 1.1, -6.6),(-3.3, 1.1, -6.6),(-3.3, 1.1, -6.6),(-3.3, 1.1, -6.6),(-3.3, 1.1, -6.6),(-3.3, 1.1, -6.5),(-3.3, 1.1, -6.5),(-3.3, 1.1, -6.5),(-3.3, 1.1, -6.5),(-3.3, 1.2, -6.5),(-3.3, 1.2, -6.5),(-3.3, 1.2, -6.5),(-3.3, 1.2, -6.5),(-3.3, 1.2, -6.5),(-3.3, 1.2, -6.5),(-3.3, 1.2, -6.5),(-3.3, 1.2, -6.5),(-3.3, 1.2, -6.5),(-3.3, 1.2, -6.5),(-3.3, 1.2, -6.5),(-3.3, 1.1, -6.5),(-3.3, 1.1, -6.5),(-3.3, 1.1, -6.5),(-3.3, 1.1, -6.5),(-3.3, 1.1, -6.5),(-3.3, 1.1, -6.5),
2022:02:화:12:20:56 PM,RightHand,(-3.3, 1.1, -6.6),(-3.3, 1.1, -6.6),(-3.3, 1.1, -6.6),(-3.3, 1.1, -6.6),(-3.3, 1.1, -6.6),(-3.3, 1.1, -6.6),(-3.3, 1.1, -6.6),(-3.3, 1.1, -6.6),(-3.3, 1.1, -6.6),(-3.3, 1.1, -6.6),(-3.3, 1.1, -6.6),(-3.3, 1.1, -6.6),(-3.3, 1.1, -6.6),(-3.3, 1.1, -6.6),(-3.3, 1.1, -6.6),(-3.3, 1.1, -6.6),(-3.3, 1.1, -6.6),(-3.3, 1.1, -6.5),(-3.3, 1.1, -6.5),(-3.3, 1.1, -6.5),(-3.3, 1.1, -6.5),(-3.3, 1.1, -6.5),(-3.3, 1.1, -6.5),(-3.3, 1.1, -6.5),(-3.3, 1.2, -6.5),(-3.3, 1.2, -6.5),(-3.3, 1.2, -6.5),(-3.3, 1.2, -6.5),(-3.3, 1.2, -6.5),(-3.3, 1.2, -6.5),(-3.3, 1.2, -6.5),(-3.3, 1.2, -6.5),(-3.3, 1.2, -6.5),(-3.3, 1.2, -6.5),(-3.3, 1.2, -6.5),(-3.3, 1.2, -6.5),(-3.3, 1.2, -6.5),(-3.3, 1.2, -6.5),(-3.3, 1.2, -6.5),(-3.3, 1.2, -6.5),
2022:02:화:12:20:57 PM,RightHand,(-3.3, 1.1, -6.6),(-3.3, 1.1, -6.6),(-3.3, 1.1, -6.6),(-3.3, 1.1, -6.6),(-3.3, 1.1, -6.6),(-3.3, 1.1, -6.6),(-3.3, 1.1, -6.6),(-3.3, 1.1, -6.6),(-3.3, 1.1, -6.6),(-3.3, 1.1, -6.6),(-3.3, 1.1, -6.6),(-3.3, 1.1, -6.5),(-3.3, 1.1, -6.5),(-3.3, 1.1, -6.5),(-3.3, 1.1, -6.5),(-3.3, 1.1, -6.5),(-3.3, 1.1, -6.5),(-3.3, 1.1, -6.5),(-3.3, 1.1, -6.5),(-3.3, 1.2, -6.5),(-3.3, 1.2, -6.5),(-3.3, 1.2, -6.5),(-3.3, 1.2, -6.5),(-3.3, 1.2, -6.5),(-3.3, 1.2, -6.5),(-3.3, 1.2, -6.5),(-3.3, 1.2, -6.5),(-3.3, 1.2, -6.5),(-3.3, 1.2, -6.5),(-3.3, 1.2, -6.5),(-3.3, 1.2, -6.5),(-3.3, 1.2, -6.5),(-3.3, 1.2, -6.5),(-3.3, 1.2, -6.5),(-3.3, 1.2, -6.5),(-3.3, 1.2, -6.5),(-3.3, 1.2, -6.5),(-3.3, 1.2, -6.5),(-3.3, 1.1, -6.5),
2022:02:화:12:20:57 PM,RightHand,(-3.3, 1.1, -6.6),(-3.3, 1.1, -6.6),(-3.3, 1.1, -6.6),(-3.3, 1.1, -6.6),(-3.3, 1.1, -6.6),(-3.3, 1.1, -6.6),(-3.3, 1.1, -6.6),(-3.3, 1.1, -6.6),(-3.3, 1.1, -6.6),(-3.3, 1.1, -6.6),(-3.3, 1.1, -6.6),(-3.3, 1.1, -6.6),(-3.3, 1.1, -6.6),(-3.3, 1.1, -6.6),(-3.3, 1.1, -6.6),(-3.3, 1.1, -6.6),(-3.3, 1.1, -6.6),(-3.3, 1.1, -6.6),(-3.2, 1.1, -6.6),(-3.2, 1.1, -6.5),(-3.2, 1.1, -6.5),(-3.2, 1.1, -6.5),(-3.2, 1.1, -6.5),(-3.2, 1.1, -6.5),(-3.2, 1.1, -6.5),(-3.2, 1.1, -6.5),(-3.2, 1.1, -6.5),(-3.2, 1.2, -6.5),(-3.2, 1.2, -6.5),(-3.1, 1.2, -6.5),(-3.1, 1.2, -6.5),(-3.1, 1.2, -6.5),(-3.1, 1.2, -6.4),(-3.1, 1.2, -6.4),(-3.1, 1.2, -6.4),
2022:02:화:12:20:59 PM,RightHand,(-3.4, 1.1, -6.7),(-3.4, 1.1, -6.7),(-3.4, 1.1, -6.7),(-3.4, 1.1, -6.7),(-3.4, 1.1, -6.7),(-3.4, 1.1, -6.7),(-3.4, 1.1, -6.7),(-3.4, 1.1, -6.7),(-3.4, 1.1, -6.7),(-3.4, 1.1, -6.7),(-3.3, 1.1, -6.7),(-3.3, 1.1, -6.7),(-3.3, 1.1, -6.7),(-3.3, 1.1, -6.7),(-3.3, 1.1, -6.7),(-3.3, 1.1, -6.7),(-3.3, 1.1, -6.7),(-3.3, 1.1, -6.7),(-3.3, 1.1, -6.7),(-3.3, 1.1, -6.6),(-3.3, 1.1, -6.6),(-3.3, 1.1, -6.6),(-3.3, 1.1, -6.6),(-3.3, 1.1, -6.6),(-3.2, 1.1, -6.6),(-3.2, 1.2, -6.6),(-3.2, 1.2, -6.6),(-3.2, 1.2, -6.6),(-3.2, 1.2, -6.5),(-3.2, 1.2, -6.5),(-3.2, 1.2, -6.5),(-3.2, 1.2, -6.5),(-3.2, 1.2, -6.5),(-3.2, 1.2, -6.5),
2022:02:화:12:21:00 PM,RightHand,(-3.7, 1.1, -6.5),(-3.7, 1.1, -6.5),(-3.7, 1.1, -6.5),(-3.7, 1.1, -6.5),(-3.7, 1.1, -6.5),(-3.7, 1.1, -6.5),(-3.7, 1.1, -6.5),(-3.7, 1.1, -6.5),(-3.7, 1.1, -6.5),(-3.7, 1.1, -6.5),(-3.7, 1.1, -6.5),(-3.7, 1.1, -6.5),(-3.7, 1.1, -6.5),(-3.7, 1.1, -6.5),(-3.7, 1.1, -6.5),(-3.7, 1.1, -6.5),(-3.7, 1.1, -6.5),(-3.7, 1.2, -6.5),(-3.7, 1.2, -6.5),(-3.7, 1.2, -6.5),(-3.6, 1.2, -6.4),(-3.6, 1.2, -6.4),(-3.6, 1.2, -6.4),(-3.6, 1.2, -6.4),(-3.6, 1.2, -6.4),(-3.6, 1.2, -6.4),(-3.6, 1.2, -6.4),(-3.6, 1.3, -6.4),(-3.6, 1.3, -6.4),(-3.6, 1.3, -6.4),(-3.6, 1.3, -6.3),(-3.6, 1.3, -6.3),
2022:02:화:12:21:06 PM,RightHand,(-3.5, 1.1, -6.7),(-3.5, 1.1, -6.7),(-3.5, 1.1, -6.7),(-3.5, 1.1, -6.7),(-3.5, 1.1, -6.7),(-3.5, 1.1, -6.7),(-3.5, 1.1, -6.7),(-3.5, 1.1, -6.7),(-3.5, 1.1, -6.7),(-3.5, 1.1, -6.7),(-3.5, 1.1, -6.7),(-3.5, 1.1, -6.7),(-3.5, 1.1, -6.7),(-3.4, 1.1, -6.7),(-3.4, 1.1, -6.7),(-3.4, 1.1, -6.7),(-3.4, 1.1, -6.7),(-3.4, 1.1, -6.7),(-3.4, 1.1, -6.7),(-3.4, 1.1, -6.7),(-3.4, 1.1, -6.6),(-3.4, 1.2, -6.6),(-3.4, 1.2, -6.6),(-3.3, 1.2, -6.6),(-3.3, 1.2, -6.6),(-3.3, 1.2, -6.6),(-3.3, 1.2, -6.5),(-3.3, 1.2, -6.5),(-3.3, 1.2, -6.5),(-3.3, 1.2, -6.5),(-3.3, 1.2, -6.5),
2022:02:화:12:21:10 PM,RightHand,(-3.8, 1.0, -6.4),(-3.8, 1.0, -6.4),(-3.8, 1.0, -6.4),(-3.8, 1.0, -6.4),(-3.8, 1.0, -6.4),(-3.8, 1.0, -6.4),(-3.8, 1.0, -6.4),(-3.8, 1.0, -6.4),(-3.8, 1.0, -6.4),(-3.8, 1.0, -6.4),(-3.8, 1.0, -6.4),(-3.8, 1.0, -6.4),(-3.8, 1.0, -6.4),(-3.8, 1.0, -6.4),(-3.8, 1.0, -6.5),(-3.8, 1.0, -6.5),(-3.8, 1.0, -6.5),(-3.7, 1.0, -6.5),(-3.7, 1.0, -6.5),(-3.7, 1.0, -6.5),(-3.7, 1.1, -6.5),(-3.7, 1.1, -6.5),(-3.7, 1.1, -6.5),(-3.7, 1.1, -6.5),(-3.7, 1.1, -6.5),(-3.7, 1.1, -6.5),(-3.7, 1.1, -6.5),(-3.7, 1.1, -6.5),(-3.7, 1.1, -6.5),(-3.6, 1.1, -6.5),(-3.6, 1.1, -6.5),(-3.6, 1.1, -6.5),(-3.6, 1.1, -6.5),(-3.6, 1.1, -6.5),(-3.6, 1.1, -6.5),(-3.6, 1.1, -6.5),(-3.6, 1.1, -6.5),(-3.6, 1.1, -6.5),(-3.6, 1.1, -6.5),
2022:02:화:12:21:22 PM,RightHand,(2.3, 1.0, -11.9),(2.3, 1.0, -11.9),(2.3, 1.0, -11.9),(2.3, 1.0, -11.9),(2.3, 1.0, -11.9),(2.3, 1.0, -11.9),(2.3, 1.0, -11.9),(2.3, 1.0, -11.9),(2.3, 1.0, -11.9),(2.3, 1.0, -11.9),(2.3, 1.0, -11.9),(2.3, 1.0, -11.9),(2.3, 1.0, -11.9),(2.3, 1.0, -11.9),(2.3, 1.0, -11.9),(2.3, 1.0, -11.9),(2.3, 1.0, -11.9),(2.3, 1.0, -11.9),(2.3, 1.0, -11.9),(2.3, 1.0, -11.9),(2.3, 1.0, -11.9),(2.3, 1.0, -11.9),(2.3, 1.0, -11.9),(2.3, 1.0, -11.9),(2.3, 1.1, -11.9),(2.3, 1.1, -11.9),(2.3, 1.1, -11.9),(2.3, 1.1, -11.9),(2.3, 1.1, -11.9),(2.3, 1.1, -11.9),(2.3, 1.1, -11.9),(2.3, 1.1, -11.9),(2.3, 1.1, -11.9),(2.3, 1.1, -11.9),(2.3, 1.1, -11.9),(2.3, 1.1, -11.9),(2.3, 1.1, -11.9),(2.3, 1.1, -11.9),(2.3, 1.1, -11.9),(2.3, 1.1, -11.9),(2.3, 1.1, -11.9),(2.3, 1.1, -11.9),(2.3, 1.1, -11.9),(2.3, 1.1, -11.8),(2.3, 1.1, -11.8),(2.3, 1.1, -11.8),(2.3, 1.1, -11.8),(2.3, 1.1, -11.8),(2.3, 1.1, -11.8),(2.3, 1.1, -11.8),(2.3, 1.2, -11.8),(2.3, 1.2, -11.8),(2.3, 1.2, -11.8),(2.2, 1.2, -11.8),(2.2, 1.2, -11.8),(2.2, 1.2, -11.8),(2.2, 1.2, -11.8),(2.2, 1.2, -11.8),(2.2, 1.2, -11.8),(2.2, 1.2, -11.8),(2.2, 1.2, -11.8),(2.2, 1.2, -11.8),(2.2, 1.2, -11.8),(2.2, 1.2, -11.8),(2.2, 1.2, -11.8),(2.2, 1.2, -11.8),(2.2, 1.2, -11.8),(2.2, 1.2, -11.8),(2.2, 1.2, -11.8),(2.2, 1.2, -11.8),(2.2, 1.2, -11.8),(2.2, 1.2, -11.8),(2.2, 1.2, -11.8),(2.2, 1.2, -11.8),(2.2, 1.2, -11.8),(2.2, 1.2, -11.8),(2.2, 1.2, -11.8),(2.2, 1.2, -11.8),(2.2, 1.2, -11.8),(2.2, 1.2, -11.8),(2.2, 1.2, -11.8),(2.2, 1.2, -11.8),(2.2, 1.2, -11.8),(2.2, 1.2, -11.8),(2.2, 1.2, -11.8),(2.2, 1.2, -11.8),(2.2, 1.2, -11.8),(2.2, 1.2, -11.7),(2.2, 1.2, -11.7),(2.2, 1.2, -11.7),(2.2, 1.2, -11.7),(2.2, 1.2, -11.7),(2.2, 1.2, -11.7),(2.2, 1.2, -11.7),(2.2, 1.2, -11.7),(2.2, 1.2, -11.7),(2.2, 1.2, -11.7),(2.2, 1.2, -11.7),(2.2, 1.2, -11.7),(2.2, 1.2, -11.7),(2.2, 1.2, -11.7),(2.2, 1.2, -11.7),(2.2, 1.2, -11.7),(2.2, 1.2, -11.7),(2.2, 1.2, -11.7),(2.2, 1.2, -11.7),(2.2, 1.2, -11.7),(2.2, 1.2, -11.7),(2.2, 1.2, -11.7),(2.2, 1.2, -11.7),(2.2, 1.2, -11.7),(2.2, 1.2, -11.7),(2.2, 1.2, -11.7),(2.2, 1.2, -11.7),(2.2, 1.2, -11.7),(2.2, 1.2, -11.7),(2.2, 1.2, -11.7),(2.2, 1.2, -11.7),(2.2, 1.2, -11.7),(2.2, 1.2, -11.7),(2.2, 1.2, -11.7),(2.2, 1.2, -11.7),(2.2, 1.2, -11.7),(2.2, 1.2, -11.7),(2.2, 1.2, -11.7),(2.2, 1.2, -11.7),(2.2, 1.2, -11.7),(2.2, 1.2, -11.7),(2.2, 1.2, -11.7),(2.2, 1.2, -11.7),(2.2, 1.2, -11.7),(2.2, 1.2, -11.7),(2.2, 1.2, -11.7),(2.2, 1.2, -11.7),(2.2, 1.2, -11.7),(2.2, 1.2, -11.7),(2.2, 1.2, -11.7),(2.2, 1.2, -11.7),(2.2, 1.2, -11.7),(2.2, 1.2, -11.7),(2.2, 1.2, -11.7),(2.2, 1.2, -11.7),(2.2, 1.2, -11.7),(2.2, 1.2, -11.7),(2.2, 1.2, -11.7),(2.2, 1.2, -11.7),(2.2, 1.2, -11.7),(2.2, 1.2, -11.7),(2.2, 1.2, -11.7),(2.2, 1.2, -11.7),(2.2, 1.2, -11.7),(2.2, 1.2, -11.7),(2.2, 1.2, -11.7),(2.2, 1.2, -11.7),(2.2, 1.2, -11.7),(2.2, 1.2, -11.7),(2.2, 1.2, -11.7),(2.2, 1.2, -11.7),(2.2, 1.2, -11.7),(2.2, 1.2, -11.7),(2.2, 1.2, -11.7),(2.2, 1.2, -11.7),(2.2, 1.2, -11.7),(2.2, 1.2, -11.7),(2.2, 1.2, -11.7),(2.2, 1.2, -11.7),(2.2, 1.2, -11.7),(2.2, 1.2, -11.7),(2.2, 1.2, -11.7),(2.2, 1.2, -11.7),(2.2, 1.2, -11.7),(2.2, 1.2, -11.7),(2.2, 1.2, -11.7),(2.2, 1.2, -11.7),(2.2, 1.2, -11.7),(2.2, 1.2, -11.6),(2.2, 1.2, -11.6),(2.2, 1.2, -11.6),(2.2, 1.2, -11.6),(2.2, 1.2, -11.6),(2.2, 1.2, -11.6),(2.2, 1.2, -11.6),(2.2, 1.2, -11.6),(2.2, 1.2, -11.6),(2.2, 1.1, -11.6),(2.2, 1.1, -11.6),(2.2, 1.1, -11.6),(2.2, 1.1, -11.6),(2.2, 1.1, -11.6),(2.2, 1.1, -11.6),(2.2, 1.1, -11.6),(2.2, 1.1, -11.6),(2.2, 1.1, -11.6),(2.2, 1.1, -11.6),(2.2, 1.1, -11.6),(2.2, 1.1, -11.6),(2.2, 1.1, -11.6),(2.2, 1.1, -11.6),(2.2, 1.1, -11.6),(2.2, 1.1, -11.6),(2.2, 1.1, -11.6),(2.2, 1.1, -11.6),(2.2, 1.1, -11.6),(2.2, 1.1, -11.6),(2.2, 1.1, -11.6),(2.2, 1.1, -11.6),(2.2, 1.1, -11.6),(2.2, 1.1, -11.6),(2.2, 1.1, -11.6),(2.2, 1.1, -11.6),(2.2, 1.1, -11.6),(2.2, 1.1, -11.6),(2.2, 1.1, -11.7),(2.2, 1.1, -11.7),(2.2, 1.1, -11.7),(2.2, 1.1, -11.7),(2.1, 1.1, -11.7),(2.1, 1.1, -11.7),(2.1, 1.2, -11.7),(2.1, 1.2, -11.7),(2.1, 1.2, -11.7),(2.1, 1.2, -11.7),
2022:02:화:12:21:24 PM,RightHand,(2.3, 1.0, -11.9),(2.3, 1.0, -11.9),(2.3, 1.0, -11.9),(2.3, 1.0, -11.9),(2.3, 1.0, -11.9),(2.3, 1.0, -11.9),(2.2, 1.0, -11.9),(2.2, 1.0, -11.9),(2.2, 1.0, -11.9),(2.2, 1.0, -11.9),(2.2, 1.0, -11.9),(2.2, 1.0, -11.9),(2.2, 1.0, -11.9),(2.2, 1.0, -11.9),(2.2, 1.1, -11.9),(2.2, 1.1, -11.9),(2.2, 1.1, -11.9),(2.1, 1.1, -11.9),(2.1, 1.1, -11.9),(2.1, 1.1, -11.9),(2.1, 1.1, -11.9),(2.0, 1.1, -11.9),
2022:02:화:12:21:25 PM,RightHand,(2.3, 1.0, -11.9),(2.3, 1.0, -11.9),(2.3, 1.0, -11.9),(2.3, 1.0, -11.9),(2.3, 1.0, -11.9),(2.3, 1.0, -11.9),(2.3, 1.0, -11.9),(2.3, 1.0, -11.9),(2.3, 1.0, -11.9),(2.3, 1.0, -11.9),(2.2, 1.0, -11.9),(2.2, 1.0, -11.9),(2.2, 1.1, -11.9),(2.2, 1.1, -11.9),(2.2, 1.1, -12.0),(2.2, 1.1, -12.0),(2.2, 1.1, -12.0),(2.2, 1.1, -12.0),(2.1, 1.1, -12.0),(2.1, 1.1, -12.0),(2.1, 1.2, -12.0),
2022:02:화:12:21:26 PM,RightHand,(2.3, 1.0, -11.9),(2.3, 1.0, -11.9),(2.3, 1.0, -11.9),(2.3, 1.0, -11.9),(2.3, 1.0, -11.9),(2.3, 1.0, -11.9),(2.3, 1.0, -11.9),(2.3, 1.0, -11.9),(2.3, 1.0, -11.9),(2.3, 1.0, -11.9),(2.3, 1.0, -11.9),(2.3, 1.0, -11.9),(2.3, 1.0, -11.9),(2.3, 1.0, -11.9),(2.3, 1.0, -11.9),(2.2, 1.0, -12.0),(2.2, 1.0, -12.0),(2.2, 1.0, -12.0),(2.2, 1.1, -12.0),(2.2, 1.1, -12.0),(2.2, 1.1, -12.0),(2.2, 1.1, -12.0),(2.2, 1.1, -12.0),(2.2, 1.1, -12.0),(2.2, 1.1, -12.0),(2.2, 1.1, -12.0),(2.2, 1.2, -12.0),(2.2, 1.2, -12.0),(2.2, 1.2, -12.0),(2.2, 1.2, -12.0),
2022:02:화:01:09:05 PM,RightHand,(-3.3, 1.1, -6.6),(-3.3, 1.1, -6.6),(-3.3, 1.1, -6.6),(-3.3, 1.1, -6.6),(-3.3, 1.1, -6.6),(-3.3, 1.1, -6.6),(-3.3, 1.1, -6.6),(-3.3, 1.1, -6.6),(-3.3, 1.1, -6.6),(-3.3, 1.1, -6.6),(-3.3, 1.1, -6.6),(-3.3, 1.1, -6.6),(-3.3, 1.1, -6.6),(-3.3, 1.1, -6.6),(-3.2, 1.1, -6.6),(-3.2, 1.1, -6.6),(-3.2, 1.1, -6.6),(-3.2, 1.1, -6.6),(-3.2, 1.1, -6.6),(-3.2, 1.1, -6.6),(-3.2, 1.1, -6.6),(-3.2, 1.1, -6.6),(-3.1, 1.1, -6.6),(-3.1, 1.1, -6.6),(-3.1, 1.1, -6.6),(-3.1, 1.1, -6.5),(-3.1, 1.1, -6.5),(-3.0, 1.1, -6.5),(-3.0, 1.1, -6.5),(-3.0, 1.1, -6.5),(-3.0, 1.1, -6.5),(-3.0, 1.1, -6.4),(-2.9, 1.1, -6.4),(-2.9, 1.1, -6.4),(-2.9, 1.1, -6.4),
2022:02:화:01:09:06 PM,RightHand,(-3.4, 1.1, -6.7),(-3.4, 1.1, -6.7),(-3.4, 1.1, -6.7),(-3.3, 1.1, -6.7),(-3.3, 1.1, -6.7),(-3.3, 1.1, -6.7),(-3.3, 1.1, -6.7),(-3.3, 1.1, -6.7),(-3.3, 1.1, -6.7),(-3.3, 1.1, -6.7),(-3.2, 1.1, -6.7),(-3.2, 1.1, -6.7),(-3.2, 1.1, -6.7),(-3.2, 1.1, -6.7),(-3.2, 1.1, -6.7),(-3.1, 1.1, -6.6),(-3.1, 1.1, -6.6),(-3.1, 1.1, -6.6),(-3.1, 1.1, -6.6),(-3.0, 1.1, -6.6),(-3.0, 1.1, -6.5),
2022:02:화:02:18:33 PM,LeftHand,(-3.4, 1.0, -6.7),(-3.4, 1.0, -6.7),(-3.4, 1.0, -6.7),(-3.4, 1.0, -6.7),(-3.4, 1.0, -6.7),(-3.4, 1.0, -6.7),(-3.4, 1.0, -6.7),(-3.4, 1.0, -6.7),(-3.4, 1.0, -6.7),(-3.4, 1.0, -6.7),(-3.4, 1.0, -6.7),(-3.4, 1.0, -6.7),(-3.4, 1.0, -6.7),(-3.4, 1.0, -6.7),(-3.4, 1.0, -6.7),(-3.4, 1.1, -6.6),(-3.4, 1.1, -6.6),(-3.4, 1.1, -6.6),(-3.4, 1.1, -6.6),(-3.4, 1.1, -6.6),(-3.4, 1.1, -6.6),(-3.4, 1.1, -6.6),(-3.4, 1.1, -6.6),(-3.4, 1.1, -6.6),(-3.4, 1.1, -6.6),(-3.4, 1.1, -6.6),(-3.4, 1.1, -6.6),(-3.4, 1.1, -6.6),(-3.4, 1.1, -6.6),(-3.4, 1.1, -6.6),(-3.4, 1.1, -6.6),(-3.4, 1.1, -6.6),(-3.4, 1.1, -6.6),
2022:02:화:02:18:43 PM,RightHand,(-3.3, 1.0, -6.5),(-3.3, 1.0, -6.5),(-3.3, 1.0, -6.5),(-3.3, 1.0, -6.5),(-3.3, 1.0, -6.5),(-3.3, 1.0, -6.5),(-3.3, 1.0, -6.5),(-3.3, 1.0, -6.5),(-3.3, 1.0, -6.5),(-3.3, 1.0, -6.5),(-3.3, 1.0, -6.5),(-3.3, 1.1, -6.5),(-3.3, 1.1, -6.5),(-3.3, 1.1, -6.5),(-3.3, 1.1, -6.5),(-3.3, 1.1, -6.5),(-3.3, 1.1, -6.5),(-3.3, 1.1, -6.5),(-3.3, 1.1, -6.5),(-3.3, 1.1, -6.5),(-3.3, 1.1, -6.5),(-3.3, 1.1, -6.5),(-3.3, 1.1, -6.5),(-3.3, 1.1, -6.5),(-3.3, 1.1, -6.5),(-3.3, 1.1, -6.5),(-3.3, 1.1, -6.5),(-3.3, 1.1, -6.5),(-3.3, 1.1, -6.5),(-3.3, 1.1, -6.5),(-3.3, 1.2, -6.5),(-3.3, 1.2, -6.5),(-3.3, 1.2, -6.5),(-3.3, 1.2, -6.5),(-3.3, 1.2, -6.5),(-3.3, 1.2, -6.5),(-3.3, 1.2, -6.5),(-3.3, 1.2, -6.5),(-3.3, 1.2, -6.5),(-3.4, 1.2, -6.5),(-3.4, 1.2, -6.5),(-3.4, 1.2, -6.5),(-3.4, 1.2, -6.5),(-3.4, 1.2, -6.5),(-3.4, 1.2, -6.5),(-3.4, 1.2, -6.5),(-3.4, 1.2, -6.5),(-3.3, 1.2, -6.5),(-3.3, 1.2, -6.5),(-3.3, 1.2, -6.5),(-3.3, 1.2, -6.5),(-3.3, 1.2, -6.5),(-3.3, 1.2, -6.5),(-3.3, 1.2, -6.5),(-3.3, 1.2, -6.5),(-3.3, 1.2, -6.5),(-3.3, 1.2, -6.5),(-3.3, 1.2, -6.5),(-3.3, 1.2, -6.5),(-3.3, 1.2, -6.5),(-3.3, 1.2, -6.5),(-3.3, 1.2, -6.5),(-3.3, 1.2, -6.5),(-3.3, 1.2, -6.5),(-3.3, 1.2, -6.5),(-3.3, 1.2, -6.5),(-3.3, 1.2, -6.5),
2022:02:화:02:18:45 PM,RightHand,(-3.7, 1.1, -6.5),(-3.7, 1.1, -6.5),(-3.6, 1.1, -6.5),(-3.6, 1.1, -6.5),(-3.6, 1.1, -6.5),(-3.6, 1.1, -6.5),(-3.6, 1.1, -6.5),(-3.6, 1.1, -6.5),(-3.6, 1.1, -6.5),(-3.6, 1.1, -6.5),(-3.6, 1.1, -6.4),(-3.6, 1.1, -6.4),(-3.6, 1.1, -6.4),(-3.6, 1.1, -6.4),(-3.6, 1.1, -6.4),(-3.5, 1.1, -6.4),(-3.5, 1.1, -6.4),(-3.5, 1.1, -6.4),(-3.5, 1.1, -6.4),(-3.5, 1.1, -6.4),(-3.5, 1.1, -6.4),(-3.5, 1.2, -6.4),(-3.5, 1.2, -6.4),(-3.5, 1.2, -6.4),(-3.5, 1.2, -6.4),(-3.5, 1.2, -6.4),(-3.5, 1.2, -6.4),(-3.5, 1.2, -6.4),(-3.5, 1.2, -6.4),(-3.5, 1.2, -6.4),(-3.5, 1.2, -6.4),(-3.5, 1.2, -6.4),(-3.5, 1.2, -6.4),(-3.5, 1.2, -6.4),(-3.5, 1.2, -6.4),(-3.5, 1.3, -6.4),(-3.5, 1.3, -6.3),(-3.5, 1.3, -6.3),(-3.5, 1.3, -6.3),(-3.5, 1.3, -6.3),(-3.5, 1.3, -6.3),(-3.5, 1.3, -6.3),(-3.5, 1.3, -6.3),(-3.5, 1.3, -6.3),(-3.5, 1.3, -6.3),(-3.5, 1.3, -6.3),(-3.5, 1.3, -6.3),(-3.5, 1.3, -6.3),(-3.5, 1.3, -6.3),(-3.5, 1.3, -6.3),(-3.5, 1.3, -6.3),(-3.5, 1.3, -6.2),(-3.5, 1.4, -6.2),(-3.5, 1.4, -6.2),(-3.5, 1.4, -6.2),(-3.5, 1.4, -6.2),(-3.5, 1.4, -6.2),(-3.5, 1.4, -6.2),(-3.5, 1.4, -6.2),(-3.5, 1.4, -6.2),(-3.5, 1.4, -6.2),(-3.5, 1.4, -6.2),(-3.5, 1.4, -6.2),(-3.5, 1.4, -6.2),(-3.5, 1.4, -6.2),(-3.5, 1.4, -6.2),(-3.5, 1.4, -6.2),(-3.5, 1.4, -6.2),(-3.5, 1.4, -6.2),(-3.5, 1.4, -6.2),(-3.5, 1.4, -6.2),(-3.5, 1.4, -6.2),(-3.5, 1.4, -6.2),(-3.5, 1.4, -6.2),(-3.5, 1.4, -6.2),(-3.5, 1.3, -6.2),(-3.5, 1.3, -6.3),(-3.4, 1.3, -6.3),(-3.4, 1.3, -6.3),(-3.4, 1.3, -6.3),(-3.4, 1.3, -6.3),(-3.4, 1.3, -6.3),(-3.4, 1.3, -6.3),(-3.4, 1.3, -6.3),(-3.4, 1.3, -6.3),(-3.4, 1.3, -6.4),(-3.4, 1.3, -6.4),(-3.4, 1.2, -6.4),(-3.4, 1.2, -6.4),(-3.4, 1.2, -6.4),(-3.3, 1.2, -6.4),(-3.3, 1.2, -6.4),
2022:02:화:02:18:46 PM,RightHand,(-3.7, 1.1, -6.4),(-3.7, 1.1, -6.5),(-3.7, 1.1, -6.5),(-3.7, 1.1, -6.5),(-3.7, 1.1, -6.5),(-3.7, 1.1, -6.5),(-3.6, 1.1, -6.5),(-3.6, 1.1, -6.5),(-3.6, 1.1, -6.5),(-3.6, 1.1, -6.5),(-3.6, 1.1, -6.5),(-3.6, 1.1, -6.5),(-3.6, 1.1, -6.5),(-3.6, 1.1, -6.5),(-3.6, 1.1, -6.5),(-3.6, 1.1, -6.5),(-3.5, 1.1, -6.5),(-3.5, 1.1, -6.5),(-3.5, 1.1, -6.5),(-3.5, 1.1, -6.4),(-3.5, 1.2, -6.4),(-3.5, 1.2, -6.4),(-3.5, 1.2, -6.4),(-3.5, 1.2, -6.4),(-3.5, 1.2, -6.4),(-3.5, 1.2, -6.4),(-3.5, 1.2, -6.4),(-3.5, 1.2, -6.4),(-3.5, 1.2, -6.4),(-3.5, 1.2, -6.4),(-3.5, 1.2, -6.4),(-3.5, 1.2, -6.4),(-3.5, 1.2, -6.4),(-3.5, 1.2, -6.4),(-3.5, 1.2, -6.4),(-3.5, 1.2, -6.4),(-3.5, 1.2, -6.4),(-3.5, 1.2, -6.4),(-3.5, 1.2, -6.4),(-3.4, 1.2, -6.4),(-3.4, 1.2, -6.4),(-3.4, 1.2, -6.4),(-3.4, 1.2, -6.4),(-3.4, 1.2, -6.4),(-3.4, 1.2, -6.4),(-3.4, 1.2, -6.4),(-3.4, 1.2, -6.5),
2022:02:화:02:18:50 PM,LeftHand,(-3.2, 1.0, -6.6),(-3.2, 1.0, -6.6),(-3.2, 1.0, -6.6),(-3.3, 1.0, -6.6),(-3.3, 1.0, -6.6),(-3.3, 1.0, -6.6),(-3.3, 1.0, -6.6),(-3.3, 1.0, -6.6),(-3.3, 1.0, -6.6),(-3.3, 1.0, -6.6),(-3.3, 1.0, -6.6),(-3.3, 1.0, -6.6),(-3.3, 1.1, -6.6),(-3.3, 1.1, -6.6),(-3.3, 1.1, -6.6),(-3.3, 1.1, -6.6),(-3.3, 1.1, -6.5),(-3.3, 1.1, -6.5),(-3.3, 1.1, -6.5),(-3.3, 1.1, -6.5),(-3.3, 1.1, -6.5),(-3.3, 1.1, -6.5),(-3.3, 1.1, -6.5),(-3.3, 1.1, -6.5),(-3.3, 1.1, -6.5),(-3.3, 1.1, -6.5),(-3.3, 1.1, -6.5),(-3.3, 1.1, -6.5),(-3.3, 1.1, -6.5),(-3.3, 1.1, -6.5),(-3.3, 1.1, -6.5),(-3.3, 1.1, -6.5),(-3.3, 1.2, -6.5),(-3.3, 1.2, -6.5),(-3.3, 1.2, -6.5),(-3.3, 1.2, -6.5),(-3.3, 1.2, -6.4),(-3.3, 1.2, -6.4),(-3.3, 1.2, -6.4),(-3.3, 1.2, -6.4),(-3.3, 1.2, -6.4),(-3.3, 1.2, -6.4),(-3.3, 1.2, -6.4),(-3.3, 1.2, -6.4),(-3.3, 1.2, -6.4),(-3.3, 1.2, -6.4),(-3.3, 1.2, -6.4),(-3.3, 1.2, -6.4),(-3.3, 1.2, -6.4),(-3.3, 1.2, -6.4),(-3.2, 1.2, -6.4),(-3.2, 1.2, -6.4),(-3.2, 1.3, -6.4),(-3.2, 1.3, -6.4),(-3.2, 1.2, -6.4),(-3.2, 1.2, -6.4),(-3.2, 1.2, -6.4),(-3.2, 1.2, -6.4),(-3.2, 1.2, -6.4),(-3.2, 1.2, -6.4),(-3.2, 1.2, -6.4),(-3.2, 1.2, -6.4),(-3.2, 1.2, -6.4),
2022:02:화:02:18:54 PM,RightHand,(-3.2, 1.0, -6.5),(-3.2, 1.0, -6.5),(-3.2, 1.0, -6.5),(-3.2, 1.0, -6.5),(-3.2, 1.0, -6.5),(-3.2, 1.0, -6.5),(-3.2, 1.0, -6.5),(-3.2, 1.0, -6.5),(-3.2, 1.0, -6.5),(-3.2, 1.0, -6.5),(-3.2, 1.0, -6.5),(-3.2, 1.0, -6.5),(-3.2, 1.0, -6.5),(-3.2, 1.0, -6.5),(-3.2, 1.0, -6.5),(-3.2, 1.0, -6.5),(-3.2, 1.1, -6.5),(-3.2, 1.1, -6.5),(-3.2, 1.1, -6.5),(-3.2, 1.1, -6.5),(-3.2, 1.1, -6.5),(-3.2, 1.1, -6.5),(-3.2, 1.1, -6.5),(-3.2, 1.1, -6.5),(-3.2, 1.1, -6.5),(-3.2, 1.1, -6.5),(-3.2, 1.1, -6.5),(-3.2, 1.1, -6.5),(-3.2, 1.1, -6.5),(-3.2, 1.1, -6.5),(-3.2, 1.1, -6.5),(-3.2, 1.1, -6.5),(-3.2, 1.1, -6.5),(-3.2, 1.1, -6.5),(-3.2, 1.1, -6.5),(-3.2, 1.1, -6.5),(-3.2, 1.1, -6.5),(-3.2, 1.1, -6.5),(-3.2, 1.2, -6.5),(-3.2, 1.2, -6.5),(-3.2, 1.2, -6.5),(-3.2, 1.2, -6.5),(-3.2, 1.2, -6.5),(-3.2, 1.2, -6.5),(-3.3, 1.2, -6.5),(-3.3, 1.2, -6.5),(-3.3, 1.2, -6.5),(-3.3, 1.3, -6.5),(-3.3, 1.3, -6.5),(-3.3, 1.3, -6.5),(-3.3, 1.3, -6.5),(-3.3, 1.3, -6.5),(-3.3, 1.3, -6.5),(-3.3, 1.3, -6.5),(-3.3, 1.3, -6.5),(-3.3, 1.3, -6.5),(-3.3, 1.3, -6.5),(-3.3, 1.4, -6.5),(-3.3, 1.4, -6.5),(-3.3, 1.4, -6.5),(-3.3, 1.4, -6.5),(-3.3, 1.4, -6.5),(-3.3, 1.4, -6.5),(-3.3, 1.4, -6.5),
2022:02:수:11:01:47 AM,RightHand,(-3.3, 1.0, -6.7),(-3.3, 1.0, -6.7),(-3.3, 1.0, -6.7),(-3.3, 1.0, -6.7),(-3.3, 1.0, -6.7),(-3.3, 1.0, -6.7),(-3.3, 1.0, -6.6),(-3.3, 1.0, -6.6),(-3.3, 1.0, -6.6),(-3.3, 1.0, -6.6),(-3.3, 1.0, -6.6),(-3.2, 1.0, -6.6),(-3.2, 1.0, -6.6),(-3.2, 1.0, -6.6),(-3.2, 1.0, -6.6),(-3.2, 1.0, -6.6),(-3.2, 1.0, -6.6),(-3.2, 1.1, -6.6),(-3.2, 1.1, -6.6),(-3.2, 1.1, -6.6),(-3.2, 1.1, -6.6),(-3.2, 1.1, -6.6),(-3.2, 1.1, -6.6),(-3.2, 1.1, -6.6),(-3.1, 1.1, -6.6),(-3.1, 1.1, -6.6),(-3.1, 1.1, -6.6),(-3.1, 1.1, -6.6),(-3.1, 1.1, -6.5),(-3.1, 1.1, -6.5),(-3.1, 1.1, -6.5),(-3.1, 1.1, -6.5),(-3.1, 1.1, -6.5),(-3.0, 1.1, -6.5),(-3.0, 1.1, -6.5),(-3.0, 1.1, -6.5),(-3.0, 1.1, -6.5),(-3.0, 1.1, -6.5),
2022:02:수:11:01:48 AM,RightHand,(-3.7, 1.1, -6.4),(-3.7, 1.1, -6.5),(-3.7, 1.1, -6.5),(-3.7, 1.1, -6.5),(-3.7, 1.1, -6.5),(-3.7, 1.1, -6.5),(-3.7, 1.1, -6.5),(-3.7, 1.1, -6.5),(-3.7, 1.1, -6.5),(-3.7, 1.1, -6.5),(-3.7, 1.1, -6.5),(-3.7, 1.1, -6.5),(-3.7, 1.1, -6.5),(-3.7, 1.1, -6.5),(-3.7, 1.1, -6.5),(-3.7, 1.1, -6.5),(-3.6, 1.1, -6.5),(-3.6, 1.1, -6.5),(-3.6, 1.1, -6.5),(-3.6, 1.1, -6.5),(-3.6, 1.1, -6.5),(-3.6, 1.1, -6.5),(-3.5, 1.1, -6.5),(-3.5, 1.1, -6.5),(-3.5, 1.1, -6.5),(-3.5, 1.1, -6.5),(-3.4, 1.1, -6.5),(-3.4, 1.1, -6.5),(-3.4, 1.1, -6.5),(-3.4, 1.1, -6.4),(-3.4, 1.1, -6.4),(-3.4, 1.1, -6.4),(-3.3, 1.1, -6.4),(-3.3, 1.1, -6.4),(-3.3, 1.1, -6.4),(-3.3, 1.1, -6.4),(-3.3, 1.1, -6.4),
2022:02:수:11:01:50 AM,RightHand,(-3.0, 1.0, -6.3),(-3.0, 1.0, -6.3),(-2.9, 1.0, -6.3),(-2.9, 1.0, -6.3),(-2.9, 1.0, -6.3),(-2.9, 1.0, -6.3),(-2.9, 1.0, -6.2),(-2.9, 1.0, -6.2),(-2.9, 1.0, -6.2),(-2.9, 1.0, -6.2),(-2.9, 1.0, -6.2),(-2.9, 1.0, -6.2),(-2.9, 1.0, -6.2),(-2.9, 1.0, -6.2),(-2.9, 1.0, -6.2),(-2.9, 1.0, -6.2),(-2.9, 1.0, -6.2),(-2.9, 1.1, -6.2),(-2.9, 1.1, -6.2),(-2.9, 1.1, -6.2),(-2.9, 1.1, -6.2),(-2.9, 1.1, -6.2),(-2.9, 1.1, -6.2),
2022:02:수:12:01:12 PM,RightHand,(-3.3, 1.0, -6.6),(-3.3, 1.0, -6.6),(-3.3, 1.0, -6.6),(-3.3, 1.0, -6.6),(-3.3, 1.0, -6.6),(-3.3, 1.0, -6.6),(-3.3, 1.0, -6.6),(-3.3, 1.0, -6.6),(-3.3, 1.0, -6.6),(-3.3, 1.0, -6.6),(-3.3, 1.0, -6.6),(-3.3, 1.0, -6.6),(-3.3, 1.0, -6.6),(-3.3, 1.0, -6.6),(-3.3, 1.0, -6.6),(-3.3, 1.0, -6.6),(-3.3, 1.0, -6.6),(-3.3, 1.0, -6.6),(-3.3, 1.0, -6.6),(-3.3, 1.1, -6.6),(-3.3, 1.1, -6.6),(-3.3, 1.1, -6.6),(-3.3, 1.1, -6.6),(-3.3, 1.1, -6.6),(-3.3, 1.1, -6.6),(-3.3, 1.1, -6.6),(-3.3, 1.1, -6.6),(-3.3, 1.1, -6.6),(-3.3, 1.1, -6.6),(-3.3, 1.1, -6.6),(-3.3, 1.1, -6.6),(-3.3, 1.1, -6.6),(-3.3, 1.1, -6.6),(-3.3, 1.1, -6.6),(-3.3, 1.1, -6.6),(-3.3, 1.1, -6.6),(-3.3, 1.1, -6.6),(-3.3, 1.1, -6.6),(-3.3, 1.1, -6.6),(-3.3, 1.1, -6.6),(-3.3, 1.1, -6.6),(-3.3, 1.1, -6.6),(-3.3, 1.1, -6.6),(-3.3, 1.1, -6.6),(-3.3, 1.1, -6.6),(-3.4, 1.1, -6.6),(-3.4, 1.1, -6.6),(-3.4, 1.1, -6.6),(-3.4, 1.1, -6.6),(-3.3, 1.1, -6.6),(-3.3, 1.1, -6.6),(-3.3, 1.1, -6.6),(-3.3, 1.1, -6.6),(-3.3, 1.1, -6.6),(-3.3, 1.1, -6.6),(-3.3, 1.1, -6.6),(-3.3, 1.1, -6.6),(-3.2, 1.1, -6.6),(-3.2, 1.1, -6.6),(-3.2, 1.1, -6.6),(-3.2, 1.2, -6.6),(-3.1, 1.2, -6.5),(-3.1, 1.2, -6.5),(-3.1, 1.2, -6.5),(-3.1, 1.1, -6.5),(-3.0, 1.1, -6.5),
2022:02:수:12:01:13 PM,RightHand,(-3.1, 1.0, -6.5),(-3.1, 1.0, -6.5),(-3.1, 1.0, -6.5),(-3.1, 1.0, -6.5),(-3.1, 1.0, -6.5),(-3.1, 1.0, -6.5),(-3.1, 1.0, -6.5),(-3.1, 1.0, -6.5),(-3.1, 1.0, -6.5),(-3.1, 1.0, -6.5),(-3.1, 1.0, -6.5),(-3.1, 1.0, -6.5),(-3.1, 1.1, -6.5),(-3.1, 1.1, -6.5),(-3.1, 1.1, -6.5),(-3.1, 1.1, -6.5),(-3.1, 1.1, -6.5),(-3.1, 1.1, -6.5),(-3.1, 1.1, -6.5),(-3.1, 1.1, -6.5),(-3.1, 1.1, -6.5),(-3.1, 1.1, -6.5),(-3.1, 1.1, -6.5),(-3.1, 1.1, -6.5),(-3.1, 1.1, -6.5),(-3.1, 1.1, -6.5),(-3.1, 1.1, -6.5),(-3.1, 1.1, -6.5),(-3.1, 1.1, -6.5),(-3.1, 1.1, -6.5),(-3.1, 1.1, -6.5),(-3.1, 1.1, -6.5),(-3.1, 1.1, -6.5),(-3.1, 1.1, -6.5),(-3.1, 1.1, -6.5),(-3.1, 1.1, -6.5),(-3.1, 1.1, -6.5),(-3.0, 1.1, -6.4),(-3.0, 1.1, -6.4),(-3.0, 1.1, -6.4),(-3.0, 1.1, -6.4),
2022:02:수:12:01:14 PM,RightHand,(-3.5, 1.1, -6.7),(-3.5, 1.1, -6.7),(-3.5, 1.1, -6.7),(-3.5, 1.1, -6.7),(-3.5, 1.1, -6.7),(-3.5, 1.1, -6.8),(-3.5, 1.1, -6.8),(-3.5, 1.1, -6.8),(-3.5, 1.1, -6.8),(-3.5, 1.1, -6.8),(-3.5, 1.1, -6.8),(-3.5, 1.1, -6.8),(-3.5, 1.1, -6.8),(-3.5, 1.1, -6.8),(-3.5, 1.1, -6.8),(-3.5, 1.1, -6.8),(-3.5, 1.1, -6.8),(-3.5, 1.1, -6.8),(-3.4, 1.1, -6.8),(-3.4, 1.1, -6.7),(-3.4, 1.1, -6.7),(-3.4, 1.1, -6.7),(-3.4, 1.1, -6.7),(-3.3, 1.1, -6.7),(-3.3, 1.1, -6.7),(-3.3, 1.1, -6.7),(-3.3, 1.1, -6.7),(-3.2, 1.1, -6.6),(-3.2, 1.1, -6.6),(-3.2, 1.1, -6.6),(-3.2, 1.1, -6.6),(-3.2, 1.1, -6.6),
2022:02:수:12:01:15 PM,RightHand,(-3.7, 1.1, -6.5),(-3.7, 1.1, -6.5),(-3.7, 1.1, -6.5),(-3.7, 1.1, -6.5),(-3.7, 1.1, -6.5),(-3.7, 1.1, -6.5),(-3.7, 1.1, -6.5),(-3.7, 1.1, -6.5),(-3.7, 1.1, -6.5),(-3.7, 1.1, -6.5),(-3.7, 1.1, -6.4),(-3.7, 1.1, -6.4),(-3.7, 1.1, -6.4),(-3.7, 1.1, -6.4),(-3.7, 1.1, -6.4),(-3.7, 1.0, -6.4),(-3.7, 1.0, -6.4),(-3.7, 1.0, -6.4),(-3.7, 1.0, -6.4),(-3.7, 1.0, -6.4),(-3.7, 1.1, -6.4),(-3.7, 1.1, -6.4),(-3.7, 1.1, -6.4),(-3.7, 1.1, -6.4),(-3.7, 1.1, -6.4),(-3.7, 1.1, -6.4),(-3.7, 1.1, -6.4),(-3.7, 1.1, -6.4),(-3.7, 1.1, -6.4),(-3.8, 1.1, -6.4),(-3.8, 1.1, -6.4),(-3.8, 1.1, -6.4),(-3.8, 1.1, -6.4),(-3.8, 1.1, -6.3),(-3.8, 1.1, -6.3),(-3.8, 1.1, -6.3),(-3.8, 1.1, -6.3),(-3.8, 1.1, -6.2),(-3.8, 1.1, -6.2),(-3.8, 1.1, -6.2),(-3.8, 1.1, -6.2),(-3.8, 1.1, -6.2),(-3.8, 1.1, -6.2),
2022:02:수:12:01:16 PM,RightHand,(-3.8, 1.0, -6.5),(-3.8, 1.0, -6.5),(-3.8, 1.0, -6.5),(-3.9, 1.0, -6.5),(-3.9, 1.0, -6.5),(-3.9, 1.0, -6.5),(-3.9, 1.1, -6.5),(-3.9, 1.1, -6.5),(-3.9, 1.1, -6.4),(-3.9, 1.1, -6.4),(-3.9, 1.1, -6.4),(-3.9, 1.1, -6.4),(-3.9, 1.1, -6.4),(-3.9, 1.1, -6.4),(-3.9, 1.1, -6.4),(-3.9, 1.1, -6.3),(-3.9, 1.1, -6.3),(-3.9, 1.1, -6.3),(-3.9, 1.1, -6.3),(-3.9, 1.1, -6.2),
2022:02:수:12:01:17 PM,RightHand,(-4.0, 1.1, -6.4),(-4.0, 1.1, -6.4),(-4.0, 1.1, -6.4),(-4.0, 1.1, -6.4),(-4.0, 1.1, -6.4),(-4.0, 1.1, -6.4),(-4.0, 1.1, -6.4),(-4.0, 1.1, -6.4),(-4.0, 1.1, -6.5),(-4.0, 1.1, -6.5),(-4.0, 1.1, -6.5),(-4.0, 1.1, -6.5),(-4.0, 1.1, -6.5),(-4.0, 1.1, -6.5),(-4.0, 1.1, -6.5),(-3.9, 1.1, -6.5),(-3.9, 1.1, -6.5),(-3.9, 1.1, -6.5),(-3.9, 1.1, -6.5),(-3.9, 1.1, -6.4),(-3.9, 1.1, -6.4),(-4.0, 1.1, -6.4),(-3.9, 1.1, -6.4),(-3.9, 1.1, -6.4),(-3.9, 1.1, -6.4),(-3.9, 1.1, -6.3),(-3.9, 1.1, -6.3),(-3.9, 1.1, -6.3),(-3.9, 1.1, -6.3),(-3.9, 1.1, -6.2),(-3.9, 1.1, -6.2),(-3.9, 1.1, -6.2),(-3.9, 1.1, -6.2),(-3.9, 1.1, -6.2),
2022:02:수:12:01:18 PM,RightHand,(-3.8, 1.0, -6.6),(-3.8, 1.0, -6.6),(-3.8, 1.0, -6.6),(-3.8, 1.0, -6.6),(-3.8, 1.0, -6.6),(-3.8, 1.0, -6.6),(-3.8, 1.0, -6.6),(-3.8, 1.0, -6.6),(-3.8, 1.0, -6.6),(-3.8, 1.0, -6.6),(-3.7, 1.0, -6.6),(-3.7, 1.0, -6.6),(-3.7, 1.0, -6.6),(-3.7, 1.0, -6.6),(-3.7, 1.0, -6.6),(-3.6, 1.0, -6.6),(-3.6, 1.0, -6.6),(-3.6, 1.0, -6.6),(-3.6, 1.1, -6.6),(-3.5, 1.1, -6.6),(-3.5, 1.1, -6.6),(-3.5, 1.1, -6.6),(-3.5, 1.1, -6.6),(-3.4, 1.0, -6.5),
2022:02:수:12:55:10 PM,RightHand,(-3.3, 1.1, -6.6),(-3.3, 1.1, -6.6),(-3.3, 1.1, -6.6),(-3.3, 1.1, -6.6),(-3.3, 1.1, -6.6),(-3.3, 1.1, -6.6),(-3.3, 1.1, -6.6),(-3.3, 1.1, -6.6),(-3.3, 1.1, -6.6),(-3.3, 1.1, -6.6),(-3.3, 1.1, -6.6),(-3.3, 1.1, -6.6),(-3.3, 1.1, -6.6),(-3.3, 1.1, -6.6),(-3.3, 1.1, -6.6),(-3.3, 1.1, -6.6),(-3.3, 1.1, -6.6),(-3.3, 1.1, -6.6),(-3.2, 1.1, -6.6),(-3.2, 1.1, -6.6),(-3.2, 1.1, -6.6),(-3.2, 1.1, -6.6),(-3.2, 1.2, -6.5),(-3.2, 1.2, -6.5),(-3.2, 1.2, -6.5),(-3.1, 1.2, -6.5),(-3.1, 1.2, -6.5),(-3.1, 1.2, -6.5),(-3.1, 1.2, -6.5),
2022:02:수:12:55:12 PM,RightHand,(-3.5, 1.1, -6.8),(-3.5, 1.1, -6.8),(-3.5, 1.1, -6.8),(-3.4, 1.0, -6.8),(-3.4, 1.0, -6.8),(-3.4, 1.1, -6.8),(-3.4, 1.1, -6.8),(-3.4, 1.1, -6.8),(-3.4, 1.1, -6.8),(-3.4, 1.1, -6.8),(-3.4, 1.1, -6.8),(-3.4, 1.1, -6.8),(-3.4, 1.1, -6.8),(-3.4, 1.1, -6.8),(-3.4, 1.1, -6.8),(-3.4, 1.1, -6.8),(-3.4, 1.1, -6.8),(-3.4, 1.1, -6.8),(-3.4, 1.1, -6.7),(-3.4, 1.1, -6.7),(-3.4, 1.1, -6.7),(-3.4, 1.1, -6.7),(-3.4, 1.1, -6.7),(-3.3, 1.1, -6.7),(-3.3, 1.1, -6.7),(-3.3, 1.1, -6.7),(-3.3, 1.1, -6.7),(-3.3, 1.1, -6.7),(-3.3, 1.1, -6.7),(-3.3, 1.1, -6.7),(-3.3, 1.1, -6.6),(-3.3, 1.1, -6.6),(-3.3, 1.1, -6.6),(-3.3, 1.1, -6.6),(-3.3, 1.1, -6.6),(-3.3, 1.1, -6.6),(-3.3, 1.1, -6.6),(-3.3, 1.1, -6.6),(-3.3, 1.1, -6.6),(-3.3, 1.1, -6.6),(-3.3, 1.1, -6.6),(-3.3, 1.1, -6.6),(-3.3, 1.1, -6.6),(-3.3, 1.1, -6.6),(-3.3, 1.1, -6.6),(-3.3, 1.1, -6.6),(-3.3, 1.1, -6.6),(-3.3, 1.1, -6.6),(-3.3, 1.1, -6.6),
2022:02:수:12:55:13 PM,RightHand,(-3.7, 1.1, -6.4),(-3.7, 1.1, -6.4),(-3.7, 1.1, -6.4),(-3.7, 1.1, -6.4),(-3.7, 1.1, -6.4),(-3.7, 1.1, -6.4),(-3.7, 1.1, -6.4),(-3.7, 1.1, -6.4),(-3.7, 1.1, -6.4),(-3.7, 1.1, -6.4),(-3.7, 1.1, -6.4),(-3.7, 1.1, -6.4),(-3.7, 1.1, -6.4),(-3.7, 1.1, -6.4),(-3.7, 1.1, -6.4),(-3.7, 1.1, -6.4),(-3.7, 1.1, -6.4),(-3.7, 1.1, -6.4),(-3.7, 1.1, -6.4),(-3.7, 1.1, -6.4),(-3.7, 1.1, -6.4),(-3.7, 1.1, -6.3),(-3.8, 1.1, -6.3),(-3.8, 1.1, -6.3),(-3.8, 1.2, -6.3),(-3.8, 1.2, -6.3),(-3.8, 1.2, -6.3),(-3.9, 1.2, -6.3),(-3.9, 1.2, -6.2),(-3.9, 1.2, -6.2),
2022:02:수:12:55:14 PM,RightHand,(-4.0, 1.1, -6.4),(-4.0, 1.1, -6.4),(-4.0, 1.1, -6.4),(-4.0, 1.1, -6.4),(-4.0, 1.1, -6.4),(-4.0, 1.1, -6.4),(-4.0, 1.1, -6.4),(-4.0, 1.1, -6.4),(-4.0, 1.1, -6.4),(-4.0, 1.1, -6.4),(-4.0, 1.1, -6.4),(-4.0, 1.1, -6.4),(-4.0, 1.1, -6.4),(-4.0, 1.2, -6.4),(-4.0, 1.2, -6.4),(-4.0, 1.2, -6.4),(-4.0, 1.2, -6.3),(-4.0, 1.2, -6.3),(-3.9, 1.2, -6.3),(-3.9, 1.2, -6.3),(-3.9, 1.2, -6.3),
2022:02:수:12:55:14 PM,RightHand,(-3.7, 1.1, -6.5),(-3.7, 1.1, -6.5),(-3.7, 1.1, -6.5),(-3.6, 1.1, -6.5),(-3.6, 1.1, -6.5),(-3.6, 1.1, -6.5),(-3.6, 1.1, -6.5),(-3.6, 1.1, -6.5),(-3.6, 1.1, -6.5),(-3.6, 1.1, -6.5),(-3.6, 1.1, -6.5),(-3.6, 1.1, -6.5),(-3.6, 1.1, -6.5),(-3.6, 1.1, -6.5),(-3.6, 1.2, -6.5),(-3.6, 1.2, -6.4),(-3.6, 1.2, -6.4),(-3.6, 1.2, -6.4),(-3.6, 1.2, -6.4),(-3.6, 1.2, -6.4),(-3.5, 1.2, -6.4),(-3.5, 1.2, -6.4),(-3.5, 1.2, -6.3),(-3.5, 1.2, -6.3),(-3.5, 1.2, -6.3),
2022:02:수:12:55:15 PM,RightHand,(-3.7, 1.1, -6.6),(-3.7, 1.1, -6.6),(-3.7, 1.1, -6.6),(-3.7, 1.1, -6.6),(-3.7, 1.1, -6.6),(-3.7, 1.1, -6.6),(-3.7, 1.1, -6.6),(-3.7, 1.1, -6.6),(-3.7, 1.1, -6.6),(-3.7, 1.1, -6.6),(-3.7, 1.1, -6.6),(-3.7, 1.1, -6.6),(-3.7, 1.1, -6.6),(-3.7, 1.2, -6.6),(-3.7, 1.2, -6.6),(-3.7, 1.2, -6.6),(-3.7, 1.2, -6.6),(-3.7, 1.2, -6.6),(-3.7, 1.2, -6.6),(-3.6, 1.3, -6.5),(-3.6, 1.3, -6.5),(-3.6, 1.3, -6.5),(-3.6, 1.3, -6.5),(-3.6, 1.3, -6.4),(-3.6, 1.3, -6.4),(-3.6, 1.3, -6.4),(-3.6, 1.3, -6.4),(-3.6, 1.3, -6.4),(-3.6, 1.3, -6.3),
2022:02:수:12:55:17 PM,RightHand,(-3.5, 1.0, -6.8),(-3.5, 1.0, -6.8),(-3.5, 1.0, -6.8),(-3.5, 1.0, -6.8),(-3.5, 1.1, -6.8),(-3.5, 1.1, -6.8),(-3.5, 1.1, -6.8),(-3.5, 1.1, -6.8),(-3.5, 1.1, -6.8),(-3.5, 1.2, -6.8),(-3.5, 1.2, -6.8),(-3.5, 1.2, -6.8),(-3.5, 1.2, -6.7),(-3.5, 1.2, -6.7),(-3.4, 1.3, -6.7),(-3.4, 1.3, -6.7),(-3.4, 1.3, -6.6),(-3.4, 1.3, -6.6),(-3.4, 1.3, -6.6),(-3.4, 1.3, -6.5),(-3.4, 1.3, -6.5),(-3.4, 1.3, -6.4),(-3.5, 1.3, -6.4),(-3.5, 1.3, -6.4),(-3.5, 1.3, -6.3),(-3.5, 1.3, -6.3),(-3.5, 1.3, -6.3),
2022:02:수:12:55:19 PM,RightHand,(-3.2, 1.0, -6.7),(-3.2, 1.0, -6.7),(-3.2, 1.0, -6.7),(-3.2, 1.0, -6.7),(-3.2, 1.0, -6.7),(-3.2, 1.0, -6.7),(-3.2, 1.0, -6.7),(-3.2, 1.1, -6.6),(-3.2, 1.1, -6.6),(-3.2, 1.1, -6.6),(-3.2, 1.1, -6.6),(-3.2, 1.1, -6.6),(-3.2, 1.1, -6.6),(-3.2, 1.1, -6.6),(-3.2, 1.1, -6.6),(-3.2, 1.1, -6.6),(-3.2, 1.1, -6.6),(-3.2, 1.1, -6.6),(-3.2, 1.1, -6.6),(-3.2, 1.1, -6.6),(-3.2, 1.1, -6.6),(-3.3, 1.1, -6.6),(-3.3, 1.1, -6.6),(-3.3, 1.1, -6.6),(-3.3, 1.1, -6.5),(-3.3, 1.1, -6.5),(-3.3, 1.1, -6.5),(-3.3, 1.1, -6.5),(-3.3, 1.1, -6.5),(-3.3, 1.1, -6.5),(-3.3, 1.1, -6.6),(-3.3, 1.1, -6.6),(-3.3, 1.1, -6.6),(-3.3, 1.1, -6.6),(-3.3, 1.1, -6.6),(-3.3, 1.1, -6.6),(-3.3, 1.1, -6.6),(-3.3, 1.1, -6.6),(-3.3, 1.1, -6.6),(-3.3, 1.1, -6.6),(-3.3, 1.1, -6.6),(-3.3, 1.1, -6.6),(-3.3, 1.1, -6.6),(-3.3, 1.1, -6.6),(-3.3, 1.0, -6.6),(-3.3, 1.0, -6.6),(-3.3, 1.0, -6.6),(-3.3, 1.0, -6.6),(-3.3, 1.0, -6.6),(-3.3, 1.0, -6.6),(-3.3, 1.0, -6.6),(-3.3, 1.0, -6.6),(-3.3, 1.0, -6.6),(-3.3, 1.0, -6.6),(-3.3, 1.0, -6.6),(-3.3, 1.0, -6.6),(-3.3, 1.0, -6.6),(-3.3, 1.0, -6.6),(-3.3, 1.0, -6.6),(-3.3, 1.0, -6.6),(-3.3, 1.0, -6.6),(-3.3, 1.0, -6.6),(-3.3, 1.0, -6.6),(-3.3, 1.0, -6.6),(-3.3, 1.0, -6.6),(-3.3, 1.0, -6.6),(-3.3, 1.0, -6.6),(-3.3, 1.0, -6.6),(-3.3, 1.0, -6.6),(-3.3, 1.0, -6.6),(-3.3, 1.0, -6.6),(-3.3, 1.1, -6.6),(-3.3, 1.1, -6.6),(-3.3, 1.1, -6.6),(-3.3, 1.1, -6.6),(-3.3, 1.1, -6.6),(-3.3, 1.1, -6.6),(-3.3, 1.1, -6.6),(-3.3, 1.1, -6.6),(-3.3, 1.1, -6.6),(-3.3, 1.1, -6.5),(-3.3, 1.1, -6.5),(-3.3, 1.1, -6.5),(-3.3, 1.1, -6.5),(-3.3, 1.1, -6.5),(-3.3, 1.1, -6.5),(-3.3, 1.1, -6.5),(-3.3, 1.1, -6.5),
2022:02:수:12:55:20 PM,RightHand,(-3.3, 1.1, -6.5),(-3.3, 1.1, -6.5),(-3.3, 1.1, -6.5),(-3.3, 1.1, -6.5),(-3.3, 1.1, -6.5),(-3.3, 1.1, -6.6),(-3.3, 1.1, -6.6),(-3.3, 1.1, -6.6),(-3.3, 1.1, -6.6),(-3.3, 1.1, -6.6),(-3.3, 1.1, -6.6),(-3.3, 1.1, -6.6),(-3.3, 1.1, -6.6),(-3.3, 1.1, -6.6),(-3.3, 1.1, -6.6),(-3.3, 1.1, -6.6),(-3.3, 1.1, -6.6),(-3.3, 1.1, -6.6),(-3.3, 1.1, -6.6),(-3.3, 1.1, -6.6),(-3.3, 1.1, -6.6),(-3.3, 1.1, -6.6),(-3.3, 1.1, -6.6),(-3.3, 1.1, -6.6),(-3.3, 1.1, -6.6),(-3.3, 1.1, -6.6),(-3.3, 1.1, -6.6),(-3.3, 1.1, -6.6),
2022:02:수:12:55:21 PM,RightHand,(-3.3, 1.1, -6.6),(-3.3, 1.1, -6.6),(-3.3, 1.1, -6.6),(-3.3, 1.1, -6.6),(-3.3, 1.1, -6.6),(-3.3, 1.1, -6.6),(-3.3, 1.1, -6.6),(-3.3, 1.1, -6.6),(-3.3, 1.1, -6.6),(-3.3, 1.1, -6.6),(-3.3, 1.1, -6.5),(-3.3, 1.2, -6.5),(-3.3, 1.2, -6.5),(-3.3, 1.2, -6.5),(-3.3, 1.2, -6.5),
2022:02:수:12:55:21 PM,RightHand,(-3.4, 1.0, -6.5),(-3.4, 1.0, -6.5),(-3.4, 1.0, -6.5),(-3.4, 1.0, -6.5),(-3.4, 1.0, -6.5),(-3.4, 1.0, -6.5),(-3.4, 1.1, -6.5),(-3.4, 1.1, -6.5),(-3.4, 1.1, -6.5),(-3.4, 1.1, -6.5),(-3.4, 1.1, -6.5),(-3.4, 1.1, -6.5),(-3.4, 1.1, -6.5),
2022:02:수:12:55:22 PM,RightHand,(-3.4, 1.0, -6.4),(-3.4, 1.0, -6.4),(-3.4, 1.0, -6.4),(-3.4, 1.0, -6.4),(-3.4, 1.0, -6.4),(-3.4, 1.0, -6.4),(-3.4, 1.0, -6.4),(-3.4, 1.0, -6.4),(-3.4, 1.0, -6.4),(-3.4, 1.0, -6.4),(-3.4, 1.0, -6.4),(-3.4, 1.0, -6.4),(-3.4, 1.0, -6.4),(-3.4, 1.0, -6.4),(-3.4, 1.0, -6.4),(-3.4, 1.0, -6.4),(-3.4, 1.0, -6.4),(-3.4, 1.0, -6.4),(-3.4, 1.0, -6.4),(-3.4, 1.0, -6.4),(-3.3, 1.0, -6.5),(-3.3, 1.0, -6.5),(-3.3, 1.1, -6.5),(-3.3, 1.1, -6.5),(-3.3, 1.1, -6.5),(-3.3, 1.1, -6.5),(-3.3, 1.1, -6.5),(-3.3, 1.1, -6.5),(-3.3, 1.1, -6.5),(-3.3, 1.1, -6.5),(-3.3, 1.1, -6.5),(-3.3, 1.1, -6.5),(-3.3, 1.1, -6.5),(-3.3, 1.1, -6.5),(-3.3, 1.1, -6.5),(-3.3, 1.1, -6.5),(-3.3, 1.1, -6.5),(-3.3, 1.1, -6.5),(-3.3, 1.1, -6.5),(-3.3, 1.1, -6.5),(-3.3, 1.1, -6.5),
2022:02:수:12:55:23 PM,RightHand,(-3.3, 1.0, -6.6),(-3.3, 1.0, -6.6),(-3.3, 1.0, -6.6),(-3.3, 1.0, -6.6),(-3.3, 1.0, -6.6),(-3.3, 1.0, -6.6),(-3.3, 1.0, -6.6),(-3.3, 1.0, -6.6),(-3.3, 1.0, -6.6),(-3.3, 1.0, -6.6),(-3.3, 1.0, -6.6),(-3.3, 1.1, -6.6),(-3.3, 1.1, -6.6),(-3.3, 1.1, -6.6),(-3.3, 1.1, -6.6),(-3.3, 1.1, -6.6),(-3.3, 1.1, -6.6),(-3.3, 1.1, -6.6),(-3.3, 1.1, -6.6),(-3.3, 1.1, -6.6),(-3.3, 1.2, -6.6),(-3.3, 1.2, -6.6),(-3.3, 1.2, -6.6),(-3.3, 1.2, -6.6),(-3.3, 1.2, -6.5),(-3.3, 1.2, -6.5),(-3.3, 1.2, -6.5),(-3.3, 1.2, -6.5),(-3.3, 1.2, -6.5),(-3.2, 1.2, -6.5),(-3.2, 1.2, -6.5),(-3.2, 1.2, -6.5),(-3.2, 1.2, -6.5),(-3.2, 1.2, -6.5),(-3.2, 1.2, -6.5),(-3.2, 1.2, -6.5),(-3.2, 1.2, -6.5),(-3.2, 1.2, -6.6),(-3.2, 1.1, -6.6),
2022:02:수:12:55:23 PM,RightHand,(-3.2, 1.0, -6.6),(-3.2, 1.0, -6.6),(-3.2, 1.0, -6.6),(-3.2, 1.0, -6.6),(-3.2, 1.0, -6.6),(-3.2, 1.0, -6.6),(-3.2, 1.0, -6.6),(-3.2, 1.0, -6.6),(-3.2, 1.0, -6.6),(-3.2, 1.1, -6.6),(-3.2, 1.1, -6.6),(-3.2, 1.1, -6.6),(-3.2, 1.1, -6.6),(-3.2, 1.1, -6.6),(-3.2, 1.1, -6.6),(-3.3, 1.1, -6.6),(-3.3, 1.1, -6.6),(-3.3, 1.2, -6.6),(-3.3, 1.2, -6.6),(-3.3, 1.2, -6.6),(-3.3, 1.2, -6.6),(-3.3, 1.2, -6.6),(-3.3, 1.2, -6.6),(-3.3, 1.2, -6.6),(-3.4, 1.2, -6.7),(-3.4, 1.2, -6.7),(-3.4, 1.2, -6.7),(-3.4, 1.2, -6.7),(-3.4, 1.2, -6.7),(-3.3, 1.2, -6.7),(-3.3, 1.2, -6.7),(-3.3, 1.2, -6.7),(-3.3, 1.2, -6.6),(-3.3, 1.3, -6.6),(-3.3, 1.3, -6.6),(-3.2, 1.3, -6.6),(-3.2, 1.3, -6.6),(-3.2, 1.3, -6.6),
2022:02:수:12:55:32 PM,RightHand,(2.3, 1.0, -11.9),(2.2, 1.0, -11.9),(2.2, 1.0, -11.9),(2.2, 1.0, -11.9),(2.2, 1.0, -11.9),(2.2, 1.0, -11.9),(2.2, 1.0, -11.9),(2.2, 1.0, -11.9),(2.2, 1.0, -11.9),(2.2, 1.0, -11.9),(2.2, 1.0, -12.0),(2.2, 1.1, -12.0),(2.2, 1.1, -12.0),(2.2, 1.1, -12.0),(2.1, 1.2, -12.0),(2.1, 1.2, -12.0),(2.1, 1.3, -12.0),
2022:02:수:12:55:34 PM,RightHand,(2.3, 1.0, -11.9),(2.3, 1.0, -11.9),(2.3, 1.0, -11.9),(2.3, 1.0, -11.9),(2.3, 1.0, -11.9),(2.3, 1.0, -11.9),(2.3, 1.0, -11.9),(2.3, 1.0, -11.9),(2.3, 1.0, -11.9),(2.3, 1.0, -11.9),(2.3, 1.0, -11.9),(2.2, 1.0, -11.9),(2.2, 1.1, -11.9),(2.2, 1.1, -11.9),(2.2, 1.1, -11.9),(2.2, 1.1, -12.0),(2.2, 1.1, -11.9),(2.2, 1.2, -11.9),(2.2, 1.2, -11.9),(2.2, 1.2, -11.9),(2.1, 1.2, -11.9),(2.1, 1.2, -11.9),(2.1, 1.3, -11.9),(2.1, 1.3, -11.9),(2.0, 1.3, -11.9),(2.0, 1.3, -11.9),(2.0, 1.3, -11.9),
2022:02:수:12:55:35 PM,RightHand,(2.3, 1.0, -11.9),(2.3, 1.0, -11.9),(2.3, 1.0, -11.9),(2.3, 1.0, -11.9),(2.3, 1.0, -11.9),(2.3, 1.0, -11.9),(2.3, 1.0, -11.9),(2.3, 1.0, -11.9),(2.3, 1.0, -11.9),(2.3, 1.0, -11.9),(2.3, 1.1, -11.9),(2.2, 1.1, -11.9),(2.2, 1.1, -11.9),(2.2, 1.1, -11.9),(2.2, 1.1, -11.9),(2.2, 1.2, -11.9),(2.2, 1.2, -11.9),(2.2, 1.2, -11.9),(2.2, 1.2, -11.9),(2.2, 1.2, -11.9),(2.1, 1.2, -11.9),(2.1, 1.3, -11.8),(2.1, 1.3, -11.8),(2.1, 1.3, -11.8),
2022:02:수:12:55:36 PM,RightHand,(2.3, 1.0, -11.9),(2.3, 1.0, -11.9),(2.3, 1.1, -11.9),(2.2, 1.1, -11.9),(2.2, 1.1, -11.9),(2.2, 1.1, -11.9),(2.2, 1.1, -11.9),(2.2, 1.2, -11.9),(2.2, 1.2, -11.9),(2.2, 1.2, -11.9),(2.2, 1.2, -11.9),(2.1, 1.2, -11.8),(2.1, 1.2, -11.8),(2.1, 1.2, -11.8),(2.1, 1.2, -11.8),(2.1, 1.3, -11.8),
2022:02:수:12:55:37 PM,RightHand,(2.3, 1.0, -11.9),(2.3, 1.0, -11.9),(2.2, 1.0, -11.9),(2.2, 1.0, -11.9),(2.2, 1.0, -11.9),(2.2, 1.0, -11.9),(2.2, 1.0, -11.9),(2.2, 1.0, -12.0),(2.2, 1.0, -12.0),(2.2, 1.0, -12.0),(2.2, 1.0, -12.0),(2.2, 1.0, -12.0),(2.2, 1.1, -12.0),(2.2, 1.1, -12.0),(2.2, 1.1, -12.0),(2.2, 1.1, -12.0),(2.2, 1.1, -11.9),(2.2, 1.1, -11.9),(2.2, 1.2, -11.9),(2.1, 1.2, -11.9),(2.1, 1.2, -11.9),(2.1, 1.2, -11.9),(2.1, 1.2, -11.9),(2.1, 1.2, -11.9),(2.1, 1.2, -11.9),(2.1, 1.2, -11.8),(2.0, 1.3, -11.8),(2.0, 1.3, -11.8),(2.0, 1.3, -11.8),
2022:02:수:03:21:16 PM,RightHand,(-3.3, 1.1, -6.6),(-3.3, 1.1, -6.6),(-3.3, 1.1, -6.6),(-3.3, 1.1, -6.6),(-3.3, 1.1, -6.6),(-3.3, 1.1, -6.6),(-3.3, 1.1, -6.6),(-3.3, 1.1, -6.6),(-3.3, 1.1, -6.6),(-3.3, 1.1, -6.6),(-3.3, 1.1, -6.6),(-3.3, 1.1, -6.5),(-3.3, 1.1, -6.5),(-3.3, 1.1, -6.5),(-3.3, 1.1, -6.5),(-3.3, 1.1, -6.5),(-3.3, 1.1, -6.5),(-3.3, 1.1, -6.5),(-3.3, 1.1, -6.5),(-3.3, 1.1, -6.5),(-3.3, 1.1, -6.5),(-3.3, 1.1, -6.5),(-3.3, 1.2, -6.5),(-3.3, 1.2, -6.5),(-3.3, 1.2, -6.5),(-3.3, 1.2, -6.5),(-3.3, 1.2, -6.5),(-3.3, 1.2, -6.5),(-3.3, 1.2, -6.5),(-3.3, 1.2, -6.5),(-3.3, 1.2, -6.5),(-3.3, 1.2, -6.5),(-3.3, 1.2, -6.5),(-3.3, 1.2, -6.5),(-3.3, 1.2, -6.5),(-3.3, 1.3, -6.4),(-3.3, 1.3, -6.4),(-3.3, 1.3, -6.4),(-3.3, 1.3, -6.4),(-3.3, 1.3, -6.4),(-3.3, 1.3, -6.4),(-3.3, 1.3, -6.4),
2022:02:수:03:21:18 PM,RightHand,(-3.4, 1.0, -6.3),(-3.4, 1.0, -6.3),(-3.4, 1.0, -6.3),(-3.3, 1.0, -6.3),(-3.3, 1.0, -6.3),(-3.3, 1.0, -6.3),(-3.3, 1.0, -6.3),(-3.3, 1.0, -6.3),(-3.3, 1.0, -6.3),(-3.3, 1.1, -6.3),(-3.3, 1.1, -6.3),(-3.3, 1.1, -6.3),(-3.3, 1.1, -6.3),(-3.3, 1.1, -6.3),(-3.3, 1.1, -6.3),(-3.3, 1.1, -6.3),(-3.3, 1.1, -6.3),(-3.3, 1.1, -6.3),(-3.3, 1.1, -6.3),(-3.3, 1.1, -6.3),(-3.3, 1.1, -6.3),(-3.3, 1.1, -6.3),(-3.3, 1.1, -6.3),(-3.3, 1.1, -6.3),(-3.3, 1.1, -6.3),(-3.3, 1.1, -6.3),(-3.3, 1.1, -6.4),(-3.3, 1.1, -6.4),(-3.3, 1.2, -6.4),(-3.3, 1.2, -6.4),(-3.3, 1.2, -6.4),
2022:02:목:09:12:57 AM,RightHand,(-3.3, 1.1, -6.6),(-3.3, 1.1, -6.6),(-3.3, 1.1, -6.6),(-3.3, 1.1, -6.6),(-3.3, 1.1, -6.6),(-3.3, 1.1, -6.6),(-3.3, 1.1, -6.6),(-3.3, 1.1, -6.6),(-3.3, 1.1, -6.6),(-3.3, 1.1, -6.6),(-3.3, 1.1, -6.6),(-3.3, 1.1, -6.6),(-3.3, 1.1, -6.6),(-3.3, 1.1, -6.6),(-3.3, 1.1, -6.6),(-3.3, 1.1, -6.6),(-3.3, 1.1, -6.6),(-3.3, 1.1, -6.6),(-3.3, 1.1, -6.6),(-3.3, 1.1, -6.6),(-3.3, 1.1, -6.6),(-3.3, 1.1, -6.6),(-3.3, 1.1, -6.6),(-3.3, 1.1, -6.6),(-3.3, 1.1, -6.5),(-3.3, 1.1, -6.5),(-3.3, 1.1, -6.5),(-3.3, 1.1, -6.5),(-3.3, 1.1, -6.5),(-3.3, 1.1, -6.5),(-3.3, 1.1, -6.5),(-3.3, 1.1, -6.5),(-3.3, 1.1, -6.6),(-3.3, 1.1, -6.6),(-3.3, 1.1, -6.6),(-3.3, 1.1, -6.6),(-3.3, 1.2, -6.6),(-3.3, 1.2, -6.6),(-3.3, 1.2, -6.6),(-3.3, 1.2, -6.6),(-3.2, 1.2, -6.6),(-3.2, 1.2, -6.6),(-3.2, 1.2, -6.6),(-3.2, 1.2, -6.6),(-3.2, 1.2, -6.6),(-3.2, 1.2, -6.6),(-3.2, 1.2, -6.6),(-3.2, 1.2, -6.6),(-3.2, 1.2, -6.6),(-3.2, 1.2, -6.6),(-3.2, 1.2, -6.6),(-3.2, 1.2, -6.5),(-3.2, 1.2, -6.5),(-3.1, 1.2, -6.5),(-3.1, 1.2, -6.5),(-3.1, 1.2, -6.5),(-3.1, 1.2, -6.5),(-3.1, 1.2, -6.5),(-3.1, 1.2, -6.5),(-3.1, 1.2, -6.4),(-3.1, 1.2, -6.4),(-3.1, 1.3, -6.4),(-3.1, 1.3, -6.4),(-3.1, 1.3, -6.4),
2022:02:목:09:17:03 AM,RightHand,(-3.3, 1.1, -6.6),(-3.3, 1.1, -6.6),(-3.3, 1.1, -6.6),(-3.3, 1.1, -6.6),(-3.3, 1.1, -6.6),(-3.3, 1.1, -6.6),(-3.3, 1.1, -6.6),(-3.3, 1.1, -6.6),(-3.3, 1.1, -6.6),(-3.3, 1.1, -6.6),(-3.3, 1.1, -6.6),(-3.3, 1.1, -6.6),(-3.3, 1.1, -6.6),(-3.3, 1.1, -6.6),(-3.3, 1.1, -6.6),(-3.3, 1.1, -6.6),(-3.3, 1.1, -6.6),(-3.3, 1.1, -6.6),(-3.3, 1.1, -6.6),(-3.3, 1.1, -6.6),(-3.3, 1.1, -6.6),(-3.3, 1.1, -6.6),(-3.3, 1.1, -6.6),(-3.3, 1.1, -6.6),(-3.3, 1.1, -6.6),(-3.3, 1.1, -6.5),(-3.3, 1.1, -6.5),(-3.3, 1.1, -6.5),(-3.3, 1.1, -6.5),(-3.3, 1.1, -6.5),(-3.3, 1.1, -6.5),(-3.3, 1.1, -6.5),(-3.3, 1.1, -6.5),(-3.3, 1.1, -6.5),(-3.3, 1.1, -6.5),(-3.3, 1.1, -6.5),(-3.3, 1.1, -6.5),(-3.3, 1.1, -6.5),(-3.3, 1.1, -6.5),(-3.3, 1.1, -6.5),(-3.3, 1.1, -6.5),(-3.3, 1.1, -6.5),(-3.3, 1.2, -6.5),(-3.3, 1.2, -6.5),(-3.2, 1.2, -6.5),(-3.2, 1.2, -6.5),(-3.2, 1.2, -6.5),(-3.2, 1.2, -6.5),(-3.2, 1.2, -6.5),(-3.2, 1.2, -6.5),(-3.2, 1.2, -6.5),(-3.2, 1.2, -6.5),(-3.2, 1.2, -6.5),(-3.2, 1.2, -6.5),(-3.1, 1.2, -6.5),(-3.1, 1.2, -6.5),(-3.1, 1.2, -6.5),(-3.1, 1.2, -6.4),(-3.1, 1.2, -6.4),(-3.1, 1.3, -6.4),(-3.1, 1.3, -6.4),(-3.1, 1.3, -6.4),(-3.0, 1.3, -6.4),(-3.0, 1.3, -6.4),(-3.0, 1.3, -6.4),(-3.0, 1.3, -6.3),
2022:02:목:09:19:31 AM,RightHand,(-3.7, 1.1, -6.5),(-3.7, 1.1, -6.4),(-3.7, 1.1, -6.4),(-3.7, 1.1, -6.4),(-3.7, 1.1, -6.4),(-3.7, 1.1, -6.4),(-3.7, 1.1, -6.4),(-3.7, 1.1, -6.4),(-3.7, 1.1, -6.4),(-3.7, 1.1, -6.4),(-3.7, 1.1, -6.4),(-3.7, 1.1, -6.4),(-3.7, 1.1, -6.4),(-3.7, 1.1, -6.4),(-3.7, 1.1, -6.4),(-3.7, 1.1, -6.4),(-3.7, 1.1, -6.4),(-3.7, 1.1, -6.4),(-3.7, 1.1, -6.4),(-3.7, 1.1, -6.4),(-3.7, 1.1, -6.4),(-3.7, 1.1, -6.4),(-3.8, 1.1, -6.3),(-3.8, 1.1, -6.3),(-3.8, 1.1, -6.3),(-3.8, 1.1, -6.3),(-3.8, 1.1, -6.3),(-3.8, 1.2, -6.3),(-3.8, 1.2, -6.3),(-3.8, 1.2, -6.3),(-3.8, 1.2, -6.2),(-3.8, 1.2, -6.2),(-3.9, 1.2, -6.2),(-3.9, 1.2, -6.2),
2022:02:목:09:19:43 AM,RightHand,(2.3, 1.0, -11.9),(2.3, 1.0, -11.9),(2.3, 1.0, -11.9),(2.3, 1.0, -12.0),(2.3, 1.0, -12.0),(2.2, 1.0, -12.0),(2.2, 1.0, -12.0),(2.2, 1.0, -12.0),(2.2, 1.0, -12.0),(2.2, 1.0, -12.0),(2.2, 1.0, -12.0),(2.2, 1.0, -12.0),(2.2, 1.0, -12.0),(2.2, 1.0, -12.0),(2.2, 1.0, -12.0),(2.2, 1.0, -11.9),(2.2, 1.0, -11.9),(2.2, 1.0, -11.9),(2.2, 1.0, -11.9),(2.2, 1.0, -11.9),(2.2, 1.0, -11.9),(2.2, 1.0, -11.9),(2.2, 1.0, -11.9),(2.2, 1.0, -11.9),(2.2, 1.1, -11.9),(2.2, 1.1, -11.9),(2.2, 1.1, -11.9),(2.2, 1.1, -11.9),(2.2, 1.1, -11.9),(2.1, 1.1, -11.9),(2.1, 1.1, -11.9),(2.1, 1.1, -11.9),(2.1, 1.1, -11.9),
2022:02:목:10:34:07 AM,RightHand,(-3.3, 1.1, -6.6),(-3.3, 1.1, -6.6),(-3.3, 1.1, -6.6),(-3.3, 1.1, -6.6),(-3.3, 1.1, -6.6),(-3.3, 1.1, -6.5),(-3.3, 1.1, -6.5),(-3.3, 1.1, -6.5),(-3.3, 1.1, -6.5),(-3.3, 1.1, -6.5),(-3.2, 1.1, -6.5),(-3.2, 1.1, -6.5),(-3.2, 1.1, -6.5),(-3.2, 1.1, -6.5),(-3.2, 1.1, -6.5),(-3.2, 1.1, -6.5),(-3.2, 1.1, -6.5),(-3.2, 1.1, -6.5),
2022:02:목:12:31:31 PM,RightHand,(-3.3, 1.1, -6.6),(-3.3, 1.1, -6.6),(-3.3, 1.1, -6.6),(-3.3, 1.1, -6.6),(-3.3, 1.1, -6.6),(-3.3, 1.1, -6.6),(-3.3, 1.1, -6.6),(-3.3, 1.1, -6.6),(-3.3, 1.1, -6.6),(-3.3, 1.1, -6.6),(-3.3, 1.1, -6.6),(-3.3, 1.1, -6.6),(-3.3, 1.1, -6.6),(-3.3, 1.1, -6.6),(-3.3, 1.1, -6.5),(-3.3, 1.1, -6.5),(-3.3, 1.1, -6.5),(-3.3, 1.1, -6.5),(-3.3, 1.1, -6.5),(-3.3, 1.1, -6.5),(-3.3, 1.2, -6.5),(-3.3, 1.2, -6.5),(-3.3, 1.2, -6.5),(-3.3, 1.2, -6.5),(-3.3, 1.2, -6.5),(-3.3, 1.2, -6.5),(-3.3, 1.2, -6.5),(-3.3, 1.2, -6.5),(-3.3, 1.2, -6.5),(-3.3, 1.2, -6.5),(-3.3, 1.2, -6.5),(-3.3, 1.2, -6.5),(-3.3, 1.3, -6.5),(-3.3, 1.3, -6.5),(-3.3, 1.3, -6.5),(-3.4, 1.3, -6.5),(-3.4, 1.3, -6.5),(-3.4, 1.3, -6.5),(-3.3, 1.3, -6.5),(-3.3, 1.3, -6.5),(-3.3, 1.3, -6.5),(-3.3, 1.3, -6.5),(-3.3, 1.3, -6.5),(-3.3, 1.3, -6.5),(-3.3, 1.3, -6.5),(-3.3, 1.3, -6.5),(-3.3, 1.3, -6.5),(-3.3, 1.3, -6.5),(-3.3, 1.3, -6.5),(-3.3, 1.3, -6.5),(-3.3, 1.3, -6.5),(-3.3, 1.3, -6.5),(-3.3, 1.3, -6.5),(-3.3, 1.3, -6.5),(-3.3, 1.3, -6.5),(-3.3, 1.3, -6.5),(-3.2, 1.3, -6.5),(-3.2, 1.3, -6.5),(-3.2, 1.3, -6.5),(-3.2, 1.3, -6.5),(-3.2, 1.2, -6.5),(-3.2, 1.2, -6.5),(-3.2, 1.2, -6.5),(-3.2, 1.2, -6.5),(-3.1, 1.2, -6.5),(-3.1, 1.2, -6.5),(-3.1, 1.2, -6.5),(-3.1, 1.2, -6.5),(-3.1, 1.2, -6.5),(-3.1, 1.2, -6.5),(-3.0, 1.2, -6.5),(-3.0, 1.2, -6.5),(-3.0, 1.2, -6.5),(-3.0, 1.2, -6.5),(-3.0, 1.2, -6.5),(-3.0, 1.2, -6.5),(-2.9, 1.2, -6.5),(-2.9, 1.2, -6.5),(-2.9, 1.2, -6.5),(-2.9, 1.2, -6.5),
2022:02:목:01:52:21 PM,RightHand,(-3.3, 1.1, -6.6),(-3.3, 1.1, -6.6),(-3.3, 1.1, -6.6),(-3.3, 1.1, -6.6),(-3.3, 1.1, -6.6),(-3.3, 1.1, -6.6),(-3.3, 1.1, -6.6),(-3.3, 1.1, -6.6),(-3.3, 1.1, -6.6),(-3.3, 1.1, -6.6),(-3.3, 1.1, -6.6),(-3.3, 1.1, -6.6),(-3.3, 1.1, -6.6),(-3.3, 1.1, -6.6),(-3.3, 1.1, -6.6),(-3.3, 1.1, -6.6),(-3.3, 1.1, -6.6),(-3.3, 1.1, -6.6),(-3.3, 1.1, -6.6),(-3.3, 1.1, -6.6),(-3.3, 1.2, -6.6),(-3.3, 1.2, -6.6),(-3.3, 1.2, -6.6),(-3.3, 1.2, -6.5),(-3.3, 1.2, -6.5),(-3.3, 1.2, -6.5),(-3.3, 1.2, -6.5),(-3.3, 1.2, -6.5),(-3.3, 1.2, -6.5),(-3.3, 1.1, -6.5),(-3.3, 1.1, -6.5),
2022:02:목:01:52:22 PM,RightHand,(-3.2, 1.1, -6.5),(-3.2, 1.1, -6.5),(-3.2, 1.1, -6.5),(-3.2, 1.1, -6.5),(-3.2, 1.1, -6.5),(-3.2, 1.1, -6.5),(-3.2, 1.1, -6.5),(-3.2, 1.1, -6.5),(-3.2, 1.1, -6.5),(-3.3, 1.1, -6.5),(-3.3, 1.1, -6.5),(-3.3, 1.1, -6.5),(-3.3, 1.1, -6.5),(-3.3, 1.1, -6.5),(-3.3, 1.2, -6.5),(-3.3, 1.2, -6.5),(-3.3, 1.2, -6.5),(-3.3, 1.2, -6.5),(-3.3, 1.2, -6.5),(-3.3, 1.2, -6.5),(-3.3, 1.2, -6.5),(-3.3, 1.2, -6.5),(-3.3, 1.2, -6.5),(-3.3, 1.2, -6.5),(-3.3, 1.2, -6.5),
2022:02:목:01:52:23 PM,RightHand,(-3.3, 1.1, -6.6),(-3.3, 1.1, -6.6),(-3.3, 1.1, -6.6),(-3.3, 1.1, -6.6),(-3.3, 1.1, -6.6),(-3.3, 1.1, -6.6),(-3.3, 1.1, -6.6),(-3.3, 1.1, -6.6),(-3.3, 1.1, -6.6),(-3.3, 1.1, -6.6),(-3.3, 1.1, -6.6),(-3.3, 1.1, -6.6),(-3.3, 1.1, -6.6),(-3.3, 1.1, -6.6),(-3.3, 1.1, -6.6),(-3.3, 1.1, -6.6),(-3.3, 1.1, -6.6),(-3.3, 1.1, -6.5),(-3.3, 1.1, -6.5),(-3.3, 1.1, -6.5),(-3.3, 1.1, -6.5),(-3.3, 1.1, -6.5),(-3.3, 1.1, -6.5),(-3.3, 1.1, -6.5),
2022:02:목:01:52:24 PM,RightHand,(-3.3, 1.1, -6.6),(-3.3, 1.1, -6.6),(-3.3, 1.1, -6.6),(-3.3, 1.1, -6.6),(-3.3, 1.1, -6.6),(-3.3, 1.1, -6.6),(-3.3, 1.1, -6.6),(-3.3, 1.1, -6.6),(-3.3, 1.1, -6.6),(-3.3, 1.1, -6.6),(-3.3, 1.1, -6.6),(-3.3, 1.1, -6.6),(-3.3, 1.1, -6.6),(-3.3, 1.1, -6.6),(-3.3, 1.1, -6.6),(-3.3, 1.1, -6.6),(-3.3, 1.1, -6.6),(-3.3, 1.1, -6.6),(-3.3, 1.1, -6.6),(-3.3, 1.1, -6.6),(-3.3, 1.1, -6.6),(-3.3, 1.1, -6.6),(-3.2, 1.1, -6.6),(-3.2, 1.1, -6.6),(-3.2, 1.1, -6.6),(-3.2, 1.1, -6.5),(-3.1, 1.1, -6.5),(-3.1, 1.2, -6.5),(-3.1, 1.2, -6.5),
2022:02:목:01:52:25 PM,RightHand,(-3.4, 1.1, -6.7),(-3.4, 1.1, -6.7),(-3.4, 1.1, -6.7),(-3.4, 1.1, -6.7),(-3.4, 1.1, -6.7),(-3.4, 1.1, -6.7),(-3.4, 1.1, -6.7),(-3.4, 1.1, -6.7),(-3.4, 1.1, -6.7),(-3.4, 1.1, -6.7),(-3.4, 1.1, -6.7),(-3.3, 1.1, -6.7),(-3.3, 1.1, -6.7),(-3.3, 1.1, -6.7),(-3.3, 1.1, -6.7),(-3.3, 1.1, -6.7),(-3.3, 1.1, -6.7),(-3.3, 1.1, -6.6),(-3.3, 1.1, -6.6),(-3.3, 1.1, -6.6),(-3.3, 1.1, -6.6),(-3.3, 1.1, -6.6),(-3.3, 1.1, -6.6),(-3.3, 1.1, -6.6),(-3.3, 1.1, -6.6),(-3.3, 1.1, -6.6),(-3.3, 1.1, -6.6),(-3.3, 1.1, -6.6),(-3.3, 1.1, -6.5),(-3.3, 1.1, -6.5),(-3.3, 1.1, -6.5),(-3.3, 1.1, -6.5),(-3.3, 1.1, -6.5),(-3.3, 1.1, -6.5),(-3.3, 1.1, -6.5),(-3.3, 1.1, -6.5),(-3.3, 1.1, -6.5),
2022:02:목:01:52:26 PM,RightHand,(-3.5, 1.1, -6.7),(-3.5, 1.1, -6.7),(-3.5, 1.1, -6.7),(-3.5, 1.1, -6.7),(-3.5, 1.1, -6.7),(-3.5, 1.1, -6.7),(-3.5, 1.1, -6.7),(-3.5, 1.1, -6.7),(-3.5, 1.1, -6.7),(-3.4, 1.1, -6.7),(-3.4, 1.1, -6.7),(-3.4, 1.1, -6.7),(-3.4, 1.1, -6.7),(-3.4, 1.1, -6.7),(-3.4, 1.2, -6.7),(-3.3, 1.2, -6.7),(-3.3, 1.2, -6.7),(-3.3, 1.2, -6.7),(-3.3, 1.2, -6.7),(-3.3, 1.2, -6.7),(-3.2, 1.2, -6.6),(-3.2, 1.2, -6.6),(-3.2, 1.2, -6.6),(-3.2, 1.2, -6.6),(-3.2, 1.3, -6.6),
2022:02:목:01:52:26 PM,RightHand,(-3.3, 1.1, -6.5),(-3.3, 1.0, -6.5),(-3.3, 1.0, -6.5),(-3.3, 1.0, -6.5),(-3.3, 1.0, -6.5),(-3.3, 1.0, -6.5),(-3.3, 1.0, -6.5),(-3.3, 1.0, -6.5),(-3.3, 1.0, -6.5),(-3.3, 1.0, -6.5),(-3.3, 1.0, -6.5),(-3.3, 1.0, -6.5),(-3.3, 1.0, -6.5),(-3.3, 1.0, -6.5),(-3.2, 1.0, -6.5),(-3.2, 1.0, -6.5),(-3.2, 1.0, -6.5),(-3.2, 1.1, -6.5),(-3.2, 1.1, -6.5),(-3.2, 1.1, -6.5),(-3.1, 1.1, -6.5),(-3.1, 1.1, -6.5),(-3.1, 1.1, -6.5),(-3.1, 1.1, -6.5),(-3.1, 1.1, -6.4),(-3.1, 1.2, -6.4),(-3.0, 1.2, -6.4),(-3.0, 1.2, -6.4),(-3.0, 1.2, -6.4),(-3.0, 1.2, -6.4),
2022:02:목:01:52:33 PM,RightHand,(2.2, 1.0, -11.9),(2.2, 1.0, -11.9),(2.2, 1.0, -11.9),(2.2, 1.0, -11.9),(2.2, 1.0, -11.9),(2.2, 1.0, -11.9),(2.2, 1.0, -11.9),(2.2, 1.0, -11.9),(2.1, 1.0, -11.9),(2.1, 1.0, -11.9),(2.1, 1.0, -11.9),(2.1, 1.1, -11.9),(2.1, 1.1, -11.9),(2.1, 1.1, -11.9),(2.1, 1.1, -11.9),(2.1, 1.1, -11.9),(2.1, 1.1, -11.9),(2.1, 1.1, -11.9),(2.1, 1.1, -11.9),(2.0, 1.1, -11.9),
2022:02:목:01:52:34 PM,RightHand,(2.3, 1.0, -11.9),(2.3, 1.0, -11.9),(2.3, 1.0, -11.9),(2.3, 1.0, -11.9),(2.3, 1.0, -11.9),(2.3, 1.1, -11.9),(2.3, 1.1, -11.9),(2.3, 1.1, -11.9),(2.3, 1.1, -11.9),(2.2, 1.1, -11.9),(2.2, 1.1, -12.0),(2.2, 1.1, -12.0),(2.2, 1.1, -12.0),(2.2, 1.1, -12.0),(2.2, 1.2, -12.0),(2.2, 1.2, -12.0),(2.2, 1.2, -12.0),(2.1, 1.2, -12.0),(2.1, 1.2, -12.0),(2.1, 1.2, -11.9),
2022:02:목:01:52:36 PM,RightHand,(2.3, 1.0, -11.9),(2.3, 1.0, -11.9),(2.3, 1.0, -11.9),(2.3, 1.0, -11.9),(2.3, 1.0, -11.9),(2.3, 1.0, -11.9),(2.3, 1.0, -11.9),(2.2, 1.0, -11.9),(2.2, 1.0, -11.9),(2.2, 1.0, -11.9),(2.2, 1.0, -12.0),(2.2, 1.0, -12.0),(2.2, 1.0, -12.0),(2.2, 1.0, -12.0),(2.2, 1.1, -12.0),(2.2, 1.1, -12.0),(2.2, 1.1, -12.0),(2.2, 1.1, -12.0),(2.2, 1.1, -12.0),(2.2, 1.1, -12.0),(2.2, 1.1, -12.0),(2.2, 1.1, -12.0),(2.2, 1.2, -12.0),
2022:02:목:01:52:36 PM,RightHand,(2.3, 1.0, -11.9),(2.2, 1.0, -11.9),(2.2, 1.0, -11.9),(2.2, 1.0, -11.9),(2.2, 1.0, -11.9),(2.2, 1.0, -11.9),(2.2, 1.0, -11.9),(2.2, 1.0, -11.9),(2.2, 1.0, -12.0),(2.2, 1.0, -12.0),(2.2, 1.0, -12.0),(2.2, 1.0, -12.0),(2.2, 1.0, -12.0),(2.2, 1.1, -12.0),(2.1, 1.1, -12.0),(2.1, 1.1, -12.0),(2.1, 1.1, -12.0),(2.1, 1.1, -12.0),(2.1, 1.1, -12.0),(2.1, 1.1, -12.0),(2.1, 1.1, -12.0),(2.1, 1.1, -12.0),
