Username,Date,Day,Time of day,Version,Task
Username,Date,Day,Time of day,Version,Task
Username,Date,Day,Time of day,Version,Task
Username,Date,Day,Time of day,Version,Task
Username,Date,Day,Time of day,Version,Task
Username,Date,Day,Time of day,Version,Task
Username,Date,Day,Time of day,Version,Task
Username,Date,Day,Time of day,Version,Task
Username,Date,Day,Time of day,Version,Task
Username,Date,Day,Time of day,Version,Task
Username,Date,Day,Time of day,Version,Task
Username,Date,Day,Time of day,Version,Task
Username,Date,Day,Time of day,Version,Task
Username,Date,Day,Time of day,Version,Task
Username,Date,Day,Time of day,Version,Task
Username,Date,Day,Time of day,Version,Task
Username,Date,Day,Time of day,Version,Task
Username,Date,Day,Time of day,Version,Task
Username,Date,Day,Time of day,Version,Task
Username,Date,Day,Time of day,Version,Task
Username,Date,Day,Time of day,Version,Task
Username,Date,Day,Time of day,Version,Task
Username,Date,Day,Time of day,Version,Task
Username,Date,Day,Time of day,Version,Task
Username,Date,Day,Time of day,Version,Task
Username,Date,Day,Time of day,Version,Task
Username,Date,Day,Time of day,Version,Task
Username,Date,Day,Time of day,Version,Task
Username,Date,Day,Time of day,Version,Task
Username,Date,Day,Time of day,Version,Task
Username,Date,Day,Time of day,Version,Task
Username,Date,Day,Time of day,Version,Task
Username,Date,Day,Time of day,Version,Task
Username,Date,Day,Time of day,Version,Task
Username,Date,Day,Time of day,Version,Task
Username,Date,Day,Time of day,Version,Task
Username,Date,Day,Time of day,Version,Task
Username,Date,Day,Time of day,Version,Task
Username,Date,Day,Time of day,Version,Task
Username,Date,Day,Time of day,Version,Task
Username,Date,Day,Time of day,Version,Task
Username,Date,Day,Time of day,Version,Task
Username,Date,Day,Time of day,Version,Task
Username,Date,Day,Time of day,Version,Task
Username,Date,Day,Time of day,Version,Task
Username,Date,Day,Time of day,Version,Task
Username,Date,Day,Time of day,Version,Task
Username,Date,Day,Time of day,Version,Task
Username,Date,Day,Time of day,Version,Task
Username,Date,Day,Time of day,Version,Task
Username,Date,Day,Time of day,Version,Task
Username,Date,Day,Time of day,Version,Task
Username,Date,Day,Time of day,Version,Task
Username,Date,Day,Time of day,Version,Task
Username,Date,Day,Time of day,Version,Task
Username,Date,Day,Time of day,Version,Task
Username,Date,Day,Time of day,Version,Task
Username,Date,Day,Time of day,Version,Task
Username,Date,Day,Time of day,Version,Task
Username,Date,Day,Time of day,Version,Task
Username,Date,Day,Time of day,Version,Task
Username,Date,Day,Time of day,Version,Task
Username,Date,Day,Time of day,Version,Task
Username,Date,Day,Time of day,Version,Task
Username,Date,Day,Time of day,Version,Task
Username,Date,Day,Time of day,Version,Task
Username,Date,Day,Time of day,Version,Task
Username,Date,Day,Time of day,Version,Task
Username,Date,Day,Time of day,Version,Task
Username,Date,Day,Time of day,Version,Task
Username,Date,Day,Time of day,Version,Task
Username,Date,Day,Time of day,Version,Task
Username,Date,Day,Time of day,Version,Task
Username,Date,Day,Time of day,Version,Task
Username,Date,Day,Time of day,Version,Task
Username,Date,Day,Time of day,Version,Task
Username,Date,Day,Time of day,Version,Task
Username,Date,Day,Time of day,Version,Task
Username,Date,Day,Time of day,Version,Task
Username,Date,Day,Time of day,Version,Task
Username,Date,Day,Time of day,Version,Task
Username,Date,Day,Time of day,Version,Task
Username,Date,Day,Time of day,Version,Task
Username,Date,Day,Time of day,Version,Task
Username,Date,Day,Time of day,Version,Task
Username,Date,Day,Time of day,Version,Task
Username,Date,Day,Time of day,Version,Task
Username,Date,Day,Time of day,Version,Task
Username,Date,Day,Time of day,Version,Task
Username,Date,Day,Time of day,Version,Task
Username,Date,Day,Time of day,Version,Task
Username,Date,Day,Time of day,Version,Task
Username,Date,Day,Time of day,Version,Task
Username,Date,Day,Time of day,Version,Task
Username,Date,Day,Time of day,Version,Task
Username,Date,Day,Time of day,Version,Task
Username,Date,Day,Time of day,Version,Task
Username,Date,Day,Time of day,Version,Task
Username,Date,Day,Time of day,Version,Task
Username,Date,Day,Time of day,Version,Task
Username,Date,Day,Time of day,Version,Task
